speciesId,speciesName,score,attack,defense,hp,statProduct,fastMove,chargedMove1,chargedMove2,leadScore,switchScore,closerScore,attackerScore,topMatchups,topCounters
steelix,Steelix,95.4,98.4,183.2,126,2273,THUNDER_FANG,PSYCHIC_FANGS,CRUNCH,95.1,90.5,88.7,100,gallade:900;metang_shadow:785;metang:674;electrode_hisuian:654;toxtricity:650,ninetales:250;torkoal:277;gallade_shadow:278;dusknoir_shadow:288;ninetales_shadow:305
dusclops,Dusclops,94.7,102.4,197.6,108,2187,HEX,ICE_PUNCH,SHADOW_PUNCH,95.7,94.9,94.5,87.6,toxtricity:773;metang:722;dusknoir_shadow:689;goodra:625;tinkaton:583,umbreon:221;greninja:265;ninetales_shadow:317;greninja_shadow:321;weezing_galarian_shadow:327
dragonair,Dragonair,94.5,125.2,112.4,127,1788,DRAGON_BREATH,AQUA_TAIL,DRAGON_PULSE,100,93.1,95,68.1,ninetales:791;ninetales_shadow:736;toxtricity:677;dusknoir_shadow:665;greninja_shadow:645,aurorus:176;tinkaton:202;ninetales_alolan:208;weezing_galarian_shadow:250;gallade:264
dragonair_shadow,Dragonair (Shadow),94.5,125.2,112.4,127,1788,DRAGON_BREATH,WRAP,AQUA_TAIL,99.1,100,90.1,62.7,ninetales:736;ninetales_shadow:720;dusknoir:665;goodra:641;dusknoir_shadow:641,weezing_galarian:86;tinkaton:226;metang:310;metang_shadow:333;weezing_galarian_shadow:383
tinkaton,Tinkaton,94.2,106.2,140.9,141,2110,FAIRY_WIND,GIGATON_HAMMER,BULLDOZE,96.4,86.9,100,98.6,gallade:911;gallade_shadow:868;goodra:801;dragonair:797;dragonair_shadow:773,charizard:89;charizard_shadow:132;blaziken:172;ninetales:230;ninetales_shadow:261
goodra,Goodra,94,119.6,134.1,117,1878,DRAGON_BREATH,AQUA_TAIL,THUNDER_PUNCH,97.7,94.6,89.9,77.5,ninetales:786;ninetales_shadow:773;greninja_shadow:683;steelix:653;electrode_hisuian:602,tinkaton:198;ninetales_alolan:204;ninetales_alolan_shadow:228;gallade_shadow:264;dragonair_shadow:358
swalot,Swalot,94,103.4,122.6,171,2169,MUD_SHOT,SLUDGE,ICE_BEAM,93.3,90.5,97,84.6,toxtricity:856;raikou:719;dragonair_shadow:675;weezing_galarian_shadow:637;dragonair:532,aurorus_shadow:259;metang:279;steelix:281;ninetales:337;ninetales_shadow:369
dusclops_shadow,Dusclops (Shadow),93,102.4,197.6,108,2187,HEX,ICE_PUNCH,SHADOW_PUNCH,94.9,94.4,92.6,76.8,dusknoir:689;metang:675;dusknoir_shadow:606;goodra:601;dragonair_shadow:592,tinkaton:297;ninetales:317;greninja:321;aurorus:326;ninetales_shadow:333
steelix_shadow,Steelix (Shadow),92.8,98.4,183.2,126,2273,THUNDER_FANG,PSYCHIC_FANGS,CRUNCH,93.6,86.6,88.3,94.9,metang:785;weezing_galarian_shadow:773;toxtricity:734;electrode_hisuian:698;metang_shadow:638,marowak_alolan_shadow:240;marowak_alolan:256;ninetales_shadow:257;gallade:278;ninetales:305
dusknoir,Dusknoir,92.7,119.8,174.1,90,1878,ASTONISH,DYNAMIC_PUNCH,SHADOW_PUNCH,96.2,88.5,87.7,71.3,gallade_shadow:861;marowak_alolan:761;metang:683;metang_shadow:650;goodra:588,tyranitar:179;greninja_shadow:239;ninetales:253;ninetales_shadow:281;dragonair_shadow:334
dusknoir_shadow,Dusknoir (Shadow),92.6,119.8,174.1,90,1878,ASTONISH,DYNAMIC_PUNCH,SHADOW_PUNCH,96.4,90,83.1,64.5,gallade:861;gallade_shadow:838;tinkaton:688;metang:650;goodra:605,greninja:239;greninja_shadow:243;ninetales:281;dragonair:334;ninetales_shadow:337
metang_shadow,Metang (Shadow),92.5,108.9,145.8,129,2050,FURY_CUTTER,PSYSHOCK,GYRO_BALL,89.2,96.7,93.1,73.6,toxtricity:817;dragonair:689;dragonair_shadow:666;aurorus:631;goodra:627,charizard:89;machoke_shadow:136;ninetales_shadow:138;blaziken:163;charizard_shadow:175
metang,Metang,92.2,108.9,145.8,129,2050,FURY_CUTTER,PSYSHOCK,GYRO_BALL,92,92.6,93.6,82.3,toxtricity:868;electrode_hisuian:868;dragonair_shadow:689;gallade:631;dragonair:608,blaziken:88;charizard_shadow:89;charizard:89;gengar:102;ninetales:261
charjabug_shadow,Charjabug (Shadow),91.6,114.7,134.8,126,1949,VOLT_SWITCH,X_SCISSOR,DISCHARGE,90.8,99.8,86.1,58.8,greninja_shadow:884;gallade_shadow:797;gallade:714;electrode_hisuian:694;tinkaton:567,flygon:84;flygon_shadow:104;ninetales:194;dragonair_shadow:220;ninetales_shadow:226
charjabug,Charjabug,91.5,114.7,134.8,126,1949,VOLT_SWITCH,X_SCISSOR,DISCHARGE,91.3,94.7,89,72.5,gallade:738;gallade_shadow:714;greninja_shadow:682;electrode_hisuian:615;tinkaton:607,flygon_shadow:84;ninetales_shadow:194;steelix:269;dragonair:346;ninetales:349
greedent,Greedent,91.5,106.8,110.7,177,2094,MUD_SHOT,BODY_SLAM,TRAILBLAZE,89.9,94.6,88.2,79.6,weezing_galarian_shadow:663;dusknoir:596;greninja_shadow:593;dragonair_shadow:564;tinkaton:559,machamp_shadow:100;dragonite:243;gallade:274;machoke_shadow:286;gallade_shadow:350
lapras,Lapras,91.3,104.6,114.5,179,2147,PSYWAVE,SPARKLING_ARIA,ICE_BEAM,91,93.6,92.4,69.1,dragonair:779;ninetales:731;dusknoir_shadow:611;goodra:603;dragonair_shadow:572,tyranitar_shadow:100;tyranitar:100;electrode_hisuian:169;raikou:185;gallade:187
umbreon,Umbreon,91.3,90.2,177,156,2492,SNARL,FOUL_PLAY,LAST_RESORT,91.5,84.1,91.8,90.8,marowak_alolan:730;metang:673;dusknoir:663;dragonair_shadow:637;dragonair:618,machoke_shadow:76;scyther_shadow:128;tinkaton:244;ninetales_shadow:333;ninetales:416
marowak_alolan,Marowak (Alolan),91.2,109.6,148.8,125,2041,FIRE_SPIN,BONE_CLUB,SHADOW_BONE,94.2,84.8,89.2,79.6,toxtricity:844;tinkaton:756;metang:740;gallade_shadow:708;ninetales:592,greninja:160;gyarados_shadow:177;greninja_shadow:213;dusknoir:238;dusknoir_shadow:277
ninetales,Ninetales,91,114.3,135.5,126,1954,EMBER,WEATHER_BALL_FIRE,OVERHEAT,94.1,83,91.8,83,gallade:837;tinkaton:769;dusknoir:746;metang:738;dusknoir_shadow:718,greninja_shadow:108;greninja:108;dragonair:208;goodra:213;dragonair_shadow:263
ninetales_shadow,Ninetales (Shadow),90.4,114.3,135.5,126,1954,EMBER,WEATHER_BALL_FIRE,OVERHEAT,95.4,87.6,89.9,67.9,metang_shadow:861;gallade_shadow:837;tinkaton:738;dusknoir:718;dusknoir_shadow:662,greninja:108;greninja_shadow:143;goodra:226;dragonair:263;dragonair_shadow:279
gastrodon,Gastrodon,90.3,113.2,103.4,168,1967,MUD_SLAP,BODY_SLAM,WATER_PULSE,91.5,68.8,88.5,89.2,toxtricity:925;ninetales_shadow:791;ninetales:791;tinkaton:750;steelix:690,dartrix:71;dragonite_shadow:159;murkrow_shadow:159;gallade:221;gallade_shadow:269
politoed_shadow,Politoed (Shadow),90.3,114,124.2,139,1970,MUD_SHOT,WEATHER_BALL_WATER,ICE_BEAM,90,98.8,83.9,59,toxtricity:787;dragonair:769;ninetales_shadow:758;tinkaton:715;ninetales:629,bellossom:74;gallade_shadow:120;dragonite:216;pidgeot:239;electrode_hisuian:247
coalossal,Coalossal,90,98.1,139.3,167,2285,FIRE_SPIN,ROCK_SLIDE,FLAME_CHARGE,89.4,61.8,90.1,88.7,ninetales_shadow:811;toxtricity:811;metang:778;tinkaton:733;ninetales:685,politoed_shadow:133;gyarados_shadow:152;greninja:165;greninja_shadow:186;dragonair_shadow:192
marowak_alolan_shadow,Marowak (Alolan) (Shadow),90,109.6,148.8,125,2041,FIRE_SPIN,SHADOW_BONE,BONE_CLUB,91.3,81.7,83.9,71.1,tinkaton:752;ninetales_shadow:720;metang:720;gallade:708;gallade_shadow:644,politoed_shadow:179;dragonair_shadow:192;greninja_shadow:200;gyarados_shadow:202;greninja:213
greninja_shadow,Greninja (Shadow),89.8,139.5,100.3,115,1611,WATER_SHURIKEN,HYDRO_CANNON,NIGHT_SLASH,92.5,69.4,97.4,49.4,ninetales:891;gallade_shadow:891;ninetales_shadow:856;dusknoir:760;dusknoir_shadow:756,charjabug_shadow:115;magnezone_shadow:220;electrode_hisuian:313;goodra:316;dragonair:354
torkoal,Torkoal,88.8,107.5,151.3,128,2084,EMBER,FLAME_WHEEL,OVERHEAT,89.4,73.4,92.8,72.5,gallade:855;gallade_shadow:839;tinkaton:781;metang:746;ninetales_shadow:539,greninja_shadow:108;greninja:108;toxtricity:173;machamp_shadow:185;dragonair:263
weezing_galarian_shadow,Weezing (Galarian) (Shadow),88.7,117.6,139.5,116,1905,FAIRY_WIND,SLUDGE,BRUTAL_SWING,90.7,94.7,85.6,64,machamp_shadow:879;dragonair:750;goodra:737;dusknoir_shadow:685;dragonair_shadow:616,girafarig_shadow:188;tinkaton:205;steelix_shadow:226;ninetales_shadow:289;ninetales:337
weezing_galarian,Weezing (Galarian),88.1,117.6,139.5,116,1905,FAIRY_WIND,SLUDGE,BRUTAL_SWING,89.5,91.1,87,74.8,machamp_shadow:918;dragonair_shadow:913;goodra:754;dragonair:750;gallade_shadow:642,tinkaton:184;aurorus:259;ninetales:281;toxtricity:309;ninetales_shadow:337
gyarados_shadow,Gyarados (Shadow),88,130.7,108.5,121,1717,DRAGON_BREATH,AQUA_TAIL,TWISTER,89.5,72.7,92.8,46.4,ninetales:731;ninetales_shadow:698;dragonair:698;dragonair_shadow:698;dusknoir_shadow:623,magnezone_shadow:93;steelix_shadow:115;steelix:130;electrode_hisuian:226;tinkaton:258
lapras_shadow,Lapras (Shadow),88,104.6,114.5,179,2147,PSYWAVE,SPARKLING_ARIA,ICE_BEAM,84.6,91,86.3,54,aurorus:843;aurorus_shadow:829;marowak_alolan:684;dusknoir:611;goodra:567,tyranitar:100;electrode_hisuian:169;ninetales_shadow:253;dragonair:275;gallade_shadow:278
politoed,Politoed,87.9,114,124.2,139,1970,MUD_SHOT,WEATHER_BALL_WATER,ICE_BEAM,88.9,89.5,84.9,73.4,dragonair_shadow:741;aurorus:730;ninetales:715;ninetales_shadow:629;tinkaton:615,bellossom_shadow:74;goodra:115;pidgeot:207;dragonair:208;dragonite_shadow:216
aurorus,Aurorus,87.8,113.5,106.3,164,1979,POWDER_SNOW,WEATHER_BALL_ICE,METEOR_BEAM,88.7,74.7,85.3,61.3,electrode_hisuian:875;dragonair:823;weezing_galarian_shadow:682;goodra:634;marowak_alolan:597,greninja_shadow:143;greninja:143;blaziken:155;ninetales_shadow:230;tinkaton:297
murkrow_shadow,Murkrow (Shadow),87.8,143.1,81.1,135,1568,PECK,DRILL_PECK,FOUL_PLAY,83.8,72.9,96.9,37.2,gallade_shadow:918;gallade:907;dusknoir:711;metang:700;dusknoir_shadow:659,steelix:123;aurorus:140;steelix_shadow:146;ninetales:242;ninetales_shadow:257
greninja,Greninja,87.7,139.5,100.3,115,1611,WATER_SHURIKEN,HYDRO_CANNON,NIGHT_SLASH,90.7,78.9,89.2,53.7,ninetales_shadow:891;ninetales:891;aurorus:856;marowak_alolan:839;dusknoir_shadow:760,wigglytuff:123;goodra:282;dragonair:307;dragonair_shadow:354;tinkaton:365
raikou,Raikou,87.7,131.9,110.6,116,1693,THUNDER_SHOCK,WILD_CHARGE,AURA_SPHERE,90.8,88.2,94.1,43.9,aurorus:793;dusknoir:663;tinkaton:603;dusknoir_shadow:603;ninetales_shadow:586,ninetales:162;gallade:177;blaziken:193;gallade_shadow:221;machamp_shadow:221
ampharos,Ampharos,87.4,126.8,107.9,129,1766,VOLT_SWITCH,BRUTAL_SWING,TRAILBLAZE,89,95.1,77.6,56.9,aurorus_shadow:748;aurorus:732;dusknoir:697;charizard_shadow:693;dusknoir_shadow:643,toxtricity:216;gallade:235;machamp_shadow:278;gallade_shadow:293;dragonair:322
blastoise,Blastoise,87.4,112.1,137.7,130,2008,ROLLOUT,HYDRO_CANNON,SKULL_BASH,87.1,71.1,86.6,60.8,aurorus:846;marowak_alolan_shadow:834;marowak_alolan:730;ninetales:715;ninetales_shadow:673,electrode_hisuian:108;magnezone_shadow:142;raikou:155;toxtricity:182;dragonair:295
slowking_galarian,Slowking (Galarian),87.4,117.3,117.9,138,1910,ACID,PSYSHOCK,SHADOW_BALL,86.4,85.8,88.3,59.2,electrode_hisuian:851;gallade:746;dragonair_shadow:735;gallade_shadow:688;goodra:601,magnezone_shadow:151;metang_shadow:170;toxtricity:173;ninetales_shadow:202;ninetales:202
aurorus_shadow,Aurorus (Shadow),87.3,113.5,106.3,164,1979,POWDER_SNOW,WEATHER_BALL_ICE,METEOR_BEAM,87.6,71.9,83.1,54.4,electrode_hisuian:859;toxtricity:850;dusknoir_shadow:704;weezing_galarian_shadow:670;dragonair:530,greninja:143;greninja_shadow:178;metang_shadow:205;ninetales:230;ninetales_shadow:289
ampharos_shadow,Ampharos (Shadow),87.2,126.8,107.9,129,1766,VOLT_SWITCH,BRUTAL_SWING,TRAILBLAZE,86.4,98.8,77.4,48.2,greninja_shadow:856;metang_shadow:763;dusknoir:643;dusknoir_shadow:589;ninetales_shadow:542,goodra:175;dragonair_shadow:192;dragonair:200;aurorus_shadow:234;toxtricity:262
ninetales_alolan,Ninetales (Alolan),87.2,114.5,136.1,125,1949,POWDER_SNOW,WEATHER_BALL_ICE,CHILLING_WATER,86.9,81.7,85.6,67.7,goodra:796;dragonair:792;electrode_hisuian:768;dragonair_shadow:692;steelix:632,ninetales_shadow:99;ninetales:123;weezing_galarian_shadow:198;metang:220;tinkaton:244
machamp_shadow,Machamp (Shadow),87.1,135.4,98.6,124,1656,KARATE_CHOP,CROSS_CHOP,ROCK_SLIDE,93.9,93.9,88.7,37.7,aurorus:770;dragonair_shadow:653;toxtricity:645;steelix:633;ninetales:568,weezing_galarian:81;weezing_galarian_shadow:120;charizard:141;charizard_shadow:175;ninetales_shadow:194
gyarados,Gyarados,86.8,130.7,108.5,121,1717,DRAGON_BREATH,AQUA_TAIL,TWISTER,87.6,78.3,86.8,53.5,ninetales_shadow:731;dragonair_shadow:698;goodra:657;dragonair:652;ninetales:578,steelix:75;steelix_shadow:130;charjabug:130;ampharos_shadow:143;electrode_hisuian:269
flygon,Flygon,86.7,127.9,109.5,125,1752,DRAGON_TAIL,SAND_TOMB,TWISTER,87.7,79.1,79.5,57.4,toxtricity:756;ninetales:728;dusknoir:688;dusknoir_shadow:632;ninetales_shadow:556,dusclops:143;aurorus:167;aurorus_shadow:170;dusclops_shadow:171;ninetales_alolan:192
clefable,Clefable,86.5,116.5,112.1,147,1922,FAIRY_WIND,MOONBLAST,METEOR_MASH,84,83.3,91.8,59.4,goodra:782;dragonair:724;dragonair_shadow:697;gallade:683;gallade_shadow:615,weezing_galarian_shadow:81;charizard_shadow:132;ninetales:222;tinkaton:273;ninetales_shadow:289
moltres_galarian,Moltres (Galarian),86.4,115.1,134.6,124,1922,SUCKER_PUNCH,FLY,BRAVE_BIRD,81.5,69.6,91.1,65.9,gallade_shadow:766;marowak_alolan_shadow:705;dusknoir_shadow:681;marowak_alolan:641;dusknoir:592,ninetales_alolan_shadow:148;ninetales_alolan:148;tinkaton:173;aurorus:195;ninetales_shadow:281
ninetales_alolan_shadow,Ninetales (Alolan) (Shadow),86.4,114.5,136.1,125,1949,POWDER_SNOW,WEATHER_BALL_ICE,CHILLING_WATER,86.6,87.7,82,56,goodra:772;dusknoir_shadow:708;dragonair:692;dragonair_shadow:660;toxtricity:612,ninetales:99;ninetales_shadow:130;blaziken:193;greninja_shadow:200;tinkaton:223
munchlax,Munchlax,86.3,103.1,96.5,218,2172,TACKLE,BODY_SLAM,BULLDOZE,89.5,83.6,81.7,68.6,toxtricity:697;weezing_galarian_shadow:665;dragonair_shadow:630;ninetales_shadow:522;dragonair:520,machoke_shadow:202;aurorus_shadow:253;machamp_shadow:258;gallade_shadow:278;gallade:278
tinkatuff,Tinkatuff,86.3,104.1,134.4,149,2087,FAIRY_WIND,PLAY_ROUGH,FLASH_CANNON,81.7,49.2,92.3,73.6,gallade:902;goodra:691;dragonair:677;aurorus:654;dragonair_shadow:637,ninetales_shadow:83;ninetales:83;marowak_alolan_shadow:92;torkoal:97;marowak_alolan:116
dragonite_shadow,Dragonite (Shadow),85.9,135.8,107.3,113,1647,DRAGON_BREATH,THUNDER_PUNCH,SUPER_POWER,88.9,67.5,89,44.1,marowak_alolan_shadow:747;ninetales:694;ninetales_shadow:663;steelix:623;dusknoir:592,tinkaton:92;ninetales_alolan_shadow:100;weezing_galarian_shadow:150;metang_shadow:166;electrode_hisuian:260
flygon_shadow,Flygon (Shadow),85.9,127.9,109.5,125,1752,DRAGON_TAIL,SAND_TOMB,TWISTER,85.6,74.2,77.9,51.4,marowak_alolan:800;steelix:748;toxtricity:700;dusknoir:632;ninetales:556,aurorus:170;dusclops:171;tinkaton:262;ninetales_shadow:281;metang:352
ludicolo,Ludicolo,85.8,116.4,123.6,134,1931,ASTONISH,WEATHER_BALL_WATER,LEAF_STORM,88.4,82,84.4,63.1,marowak_alolan:787;dusknoir:735;marowak_alolan_shadow:735;tinkaton:600;goodra:552,girafarig_shadow:165;weezing_galarian_shadow:211;aurorus:222;ninetales_shadow:253;dragonair:374
gallade_shadow,Gallade (Shadow),85.7,136.5,115.6,104,1642,PSYCHO_CUT,CLOSE_COMBAT,LEAF_BLADE,94.2,91.5,91.1,32,goodra:735;toxtricity:706;dragonair:649;dragonair_shadow:649;ninetales:572,greninja_shadow:108;tinkaton:131;dusknoir:138;torkoal:160;ninetales_shadow:162
pelipper,Pelipper,85.7,123.2,128.7,115,1825,WING_ATTACK,WEATHER_BALL_WATER,HURRICANE,85.9,76.9,81,60.6,ninetales:778;marowak_alolan:769;ninetales_shadow:752;gallade:643;gallade_shadow:604,steelix_shadow:75;ampharos:96;raikou_shadow:163;zapdos_shadow:165;goodra:273
tyranitar,Tyranitar,85.7,129.7,111.4,120,1734,DRAGON_BREATH,BRUTAL_SWING,STONE_EDGE,83.2,64.9,83.9,59.4,dusknoir:820;dusknoir_shadow:795;ninetales:729;dragonair_shadow:695;ninetales_shadow:533,clefable:74;ninetales_alolan_shadow:88;tinkaton:92;weezing_galarian:116;electrode_hisuian:169
tyranitar_shadow,Tyranitar (Shadow),85.6,129.7,111.4,120,1734,DRAGON_BREATH,BRUTAL_SWING,STONE_EDGE,84.3,59.3,84.4,51.2,dusknoir:795;dusknoir_shadow:745;dragonair:695;dragonair_shadow:695;goodra:695,mawile_shadow:84;ninetales_alolan:88;ninetales_alolan_shadow:156;weezing_galarian_shadow:168;tinkaton:184
blaziken,Blaziken,85.5,143.9,90.8,119,1556,EMBER,AURA_SPHERE,BLAST_BURN,90.7,89.8,91.1,33.1,metang:911;aurorus:844;metang_shadow:836;tinkaton:827;dusknoir:613,politoed_shadow:89;charizard_shadow:141;weezing_galarian_shadow:159;greninja_shadow:160;gallade:177
gengar_shadow,Gengar (Shadow),85.5,154.3,95.4,98,1444,SHADOW_CLAW,SHADOW_PUNCH,SHADOW_BALL,88.4,66.7,87.3,42.7,metang:801;metang_shadow:801;toxtricity:795;dragonair:627;goodra:627,greninja:186;pidgeot:190;greninja_shadow:217;ninetales:226;ninetales_shadow:257
wigglytuff,Wigglytuff,85.4,115.1,75.5,223,1939,CHARM,ICY_WIND,SWIFT,85.5,65.2,81.5,76.4,dragonair_shadow:789;dragonair:786;goodra:778;dusknoir:668;dusknoir_shadow:605,tinkaton:173;ninetales_shadow:198;weezing_galarian_shadow:215;metang_shadow:220;toxtricity:241
mawile,Mawile,85.1,124.7,120.8,119,1794,FAIRY_WIND,VICE_GRIP,IRON_HEAD,85.5,80.5,85.6,72.5,gallade:882;dragonair:743;goodra:735;dragonair_shadow:722;aurorus:634,ninetales_shadow:99;marowak_alolan:144;marowak_alolan_shadow:156;ninetales:242;tinkaton:276
mew,Mew,85.1,120.4,119.3,129,1855,SHADOW_CLAW,WILD_CHARGE,PSYSHOCK,83.3,82.3,87.5,49.6,marowak_alolan_shadow:724;gallade:686;gallade_shadow:647;marowak_alolan:620;machamp_shadow:596,tyranitar:116;greninja_shadow:160;ninetales_shadow:202;toxtricity:216;tinkaton:294
excadrill,Excadrill,85,142.6,78.7,140,1573,MUD_SHOT,DRILL_RUN,ROCK_SLIDE,72.9,68.8,92.1,54,tinkaton:889;metang:853;metang_shadow:782;toxtricity:764;steelix:632,dragonair:110;goodra:119;ninetales:130;dragonair_shadow:145;ninetales_shadow:162
vespiquen,Vespiquen,85,108.8,143.4,132,2062,FURY_CUTTER,X_SCISSOR,POWER_GEM,81.9,84.1,82,62.9,gallade:818;gallade_shadow:765;aurorus:693;metang_shadow:594;dragonair_shadow:537,charizard:89;machamp_shadow:157;marowak_alolan:160;ninetales_shadow:162;ninetales:170
armarouge,Armarouge,84.9,132.1,109.6,117,1695,INCINERATE,PSYSHOCK,HEAT_WAVE,85.1,88.2,83.7,51.9,metang_shadow:739;tinkaton:705;gallade_shadow:683;steelix:649;metang:645,goodra:132;politoed_shadow:143;dragonair:145;dusclops:157;dragonair_shadow:169
electrode,Electrode,84.9,122.8,126.3,118,1832,VOLT_SWITCH,DISCHARGE,FOUL_PLAY,85.9,88.5,81.2,60.1,metang_shadow:741;charizard_shadow:741;dusknoir_shadow:669;weezing_galarian_shadow:622;greninja_shadow:597,flygon:64;flygon_shadow:84;dragonair_shadow:181;toxtricity:194;gallade:235
machamp,Machamp,84.7,135.4,98.6,124,1656,KARATE_CHOP,CROSS_CHOP,ROCK_SLIDE,89.5,86.6,82.7,46.2,aurorus:802;aurorus_shadow:770;greninja_shadow:665;steelix_shadow:633;ninetales_shadow:568,weezing_galarian_shadow:81;gengar:96;charizard_shadow:141;tinkaton:308;gallade_shadow:336
murkrow,Murkrow,84.7,143.1,81.1,135,1568,PECK,DRILL_PECK,FOUL_PLAY,84,83.8,89.2,39.8,gallade_shadow:907;dusknoir:762;machamp_shadow:759;dusknoir_shadow:711;metang_shadow:700,aurorus:112;steelix_shadow:123;aurorus_shadow:140;ninetales_shadow:242;tinkaton:244
raikou_shadow,Raikou (Shadow),84.7,133.5,109.9,113,1659,THUNDER_SHOCK,WILD_CHARGE,AURA_SPHERE,89.2,88,90.2,28.6,aurorus:756;metang_shadow:730;marowak_alolan:654;dusknoir:592;ninetales:575,ninetales_alolan:148;torkoal:160;tinkaton:173;weezing_galarian_shadow:198;gallade:221
mawile_shadow,Mawile (Shadow),84.5,124.7,120.8,119,1794,FAIRY_WIND,VICE_GRIP,IRON_HEAD,83.3,79.4,81.3,64.7,dragonair:722;goodra:714;aurorus:705;dragonair_shadow:693;dusknoir_shadow:584,ninetales_shadow:99;ninetales:99;marowak_alolan_shadow:124;marowak_alolan:156;steelix_shadow:218
haunter,Haunter,84.4,161.1,85.5,101,1392,SHADOW_CLAW,SHADOW_PUNCH,ICE_PUNCH,87.2,78.7,88,36.8,metang:900;toxtricity:816;machamp_shadow:816;metang_shadow:806;dragonair_shadow:549,pidgeot_shadow:130;greninja:178;ninetales:194;greninja_shadow:213;ninetales_shadow:226
gengar,Gengar,84.3,154.3,95.4,98,1444,SHADOW_CLAW,SHADOW_PUNCH,SHADOW_BALL,86.8,72.5,82,39.8,metang:897;toxtricity:841;metang_shadow:801;dragonair_shadow:627;tinkaton:571,greninja:156;greninja_shadow:186;pidgeot_shadow:190;ninetales_shadow:226;ninetales:242
blastoise_shadow,Blastoise (Shadow),84.2,112.1,137.7,130,2008,ROLLOUT,HYDRO_CANNON,SKULL_BASH,81.7,64.2,80.2,47.3,marowak_alolan:834;ninetales:673;greninja_shadow:661;tinkaton:607;ninetales_shadow:588,gallade_shadow:100;electrode_hisuian:134;machamp_shadow:145;goodra:153;dragonair_shadow:224
scizor_shadow,Scizor (Shadow),84.1,137.8,112,105,1622,BULLET_PUNCH,NIGHT_SLASH,TRAILBLAZE,83,58,76.6,60.4,aurorus_shadow:852;aurorus:842;weezing_galarian_shadow:619;dragonair:576;goodra:547,marowak_alolan:100;marowak_alolan_shadow:104;armarouge:128;ninetales_shadow:162;ninetales:162
victreebel_shadow,Victreebel (Shadow),84.1,135.1,93.5,131,1656,ACID,LEAF_BLADE,SLUDGE_BOMB,85,75.8,76.7,42.5,electrode_hisuian:656;dragonair_shadow:652;aurorus:618;dusknoir_shadow:583;dragonair:522,coalossal:122;marowak_alolan_shadow:132;ninetales:194;ninetales_shadow:226;tinkaton:319
pawmot,Pawmot,84,145,95.4,112,1552,THUNDER_SHOCK,BRICK_BREAK,WILD_CHARGE,86.4,78.7,91.1,36.8,metang:816;metang_shadow:816;marowak_alolan:683;dusknoir:620;ninetales:580,gallade:173;ninetales_shadow:202;gallade_shadow:216;tinkaton:304;goodra:324
blaziken_shadow,Blaziken (Shadow),83.9,143.9,90.8,119,1556,EMBER,AURA_SPHERE,BLAST_BURN,84.8,78.1,95.2,23.7,metang:836;metang_shadow:836;tinkaton:806;dragonair_shadow:617;ninetales_shadow:600,politoed:89;politoed_shadow:118;charizard_shadow:141;greninja_shadow:178;gallade:197
dragonite,Dragonite,83.9,135.8,107.3,113,1647,DRAGON_BREATH,THUNDER_PUNCH,SUPER_POWER,88.1,71.1,83.1,46.4,ninetales:707;ninetales_shadow:694;blaziken:628;steelix_shadow:623;dusknoir_shadow:592,ninetales_alolan:76;weezing_galarian:86;ninetales_alolan_shadow:116;aurorus:167;tinkaton:223
drifblim,Drifblim,83.9,119.1,75.7,209,1887,HEX,ICY_WIND,SHADOW_BALL,84.2,74.7,81.2,54.9,gallade:763;metang:760;gallade_shadow:720;dragonair_shadow:631;dragonair:545,ninetales_alolan:124;aurorus:131;aurorus_shadow:149;electrode_hisuian:160;ninetales_shadow:273
electrode_shadow,Electrode (Shadow),83.9,122.8,126.3,118,1832,VOLT_SWITCH,DISCHARGE,FOUL_PLAY,85.5,89.8,78.8,48.9,metang:741;metang_shadow:741;dusknoir:669;dusknoir_shadow:610;ninetales_shadow:542,flygon:84;flygon_shadow:104;dragonair_shadow:177;aurorus_shadow:234;toxtricity:237
lucario,Lucario,83.9,145.7,93.7,113,1544,FORCE_PALM,AURA_SPHERE,SHADOW_BALL,76.8,55.9,81.9,61.7,aurorus:889;greninja_shadow:876;metang:606;goodra:579;tinkaton:561,dusclops_shadow:152;dusknoir_shadow:161;dusknoir:161;ninetales:222;ninetales_shadow:281
noctowl,Noctowl,83.8,105.3,120.1,168,2126,WING_ATTACK,SKY_ATTACK,SHADOW_BALL,80.9,59,87.3,62,dusknoir:851;dusknoir_shadow:815;marowak_alolan:666;metang_shadow:663;dragonair_shadow:630,magnezone_shadow:102;aurorus_shadow:103;aurorus:112;toxtricity:131;electrode_hisuian:160
gallade,Gallade,83.7,136.5,115.6,104,1642,PSYCHO_CUT,CLOSE_COMBAT,LEAF_BLADE,91.8,73.2,79.5,43.4,dragonair:735;toxtricity:706;dragonair_shadow:649;ninetales_shadow:572;goodra:557,tinkaton:88;steelix:99;torkoal:144;ninetales:162;charizard_shadow:175
girafarig_shadow,Girafarig (Shadow),83.6,130.3,101.5,130,1721,CONFUSION,PSYCHIC_FANGS,TRAILBLAZE,90,77.3,65.6,52.4,dusknoir:753;machamp_shadow:750;toxtricity:734;dusknoir_shadow:726;ninetales:576,greninja:152;greninja_shadow:186;metang:244;tinkaton:255;ninetales_shadow:305
graveler_alolan,Graveler (Alolan),83.6,121.4,130.9,116,1845,VOLT_SWITCH,STONE_EDGE,ROCK_BLAST,85.8,69.4,80.3,63.6,ninetales:788;ninetales_shadow:745;aurorus_shadow:719;toxtricity:706;electrode_hisuian:676,flygon:64;dragonair_shadow:145;dragonair:161;steelix:194;gallade:235
magnezone,Magnezone,83.6,134.3,121.1,102,1661,VOLT_SWITCH,WILD_CHARGE,MIRROR_SHOT,87.1,77.8,87.5,71.8,greninja_shadow:857;toxtricity:725;metang_shadow:622;metang:617;tinkaton:563,raikou:159;steelix_shadow:162;ninetales:178;ninetales_shadow:210;gallade:254
slowbro_galarian,Slowbro (Galarian),83.6,119.1,108.3,146,1885,CONFUSION,DRAIN_PUNCH,SLUDGE_BOMB,86.9,74,79.3,68.4,toxtricity:849;machamp_shadow:839;gallade_shadow:702;gallade:633;ninetales:575,greninja_shadow:126;tyranitar_shadow:150;greninja:160;metang:213;ninetales_shadow:281
dedenne,Dedenne,83.4,124.3,109,133,1804,THUNDER_SHOCK,DISCHARGE,PLAY_ROUGH,86.1,66.8,85.6,57.2,charizard_shadow:827;goodra:665;dragonair:657;dragonair_shadow:627;gallade:612,gastrodon:101;steelix:194;tinkaton:255;ninetales:269;ninetales_shadow:337
excadrill_shadow,Excadrill (Shadow),83.4,142.6,78.7,140,1573,MUD_SHOT,DRILL_RUN,ROCK_SLIDE,71,56.1,93.3,42.5,tinkaton:853;steelix:853;metang:782;metang_shadow:782;toxtricity:725,goodra:119;dragonair:145;ninetales:162;dragonair_shadow:181;ninetales_shadow:194
raichu,Raichu,83.4,133.5,110.6,114,1685,THUNDER_SHOCK,WILD_CHARGE,TRAILBLAZE,83.5,77.9,86.5,38.4,metang_shadow:732;dusknoir:657;ninetales:622;tinkaton:587;ninetales_shadow:578,dragonair_shadow:110;toxtricity:139;gallade:177;goodra:226;dragonair:259
grimer,Grimer,83.3,121,88.2,172,1836,POISON_JAB,SLUDGE,MUD_BOMB,75.4,59.5,87.7,54.9,weezing_galarian_shadow:700;politoed_shadow:625;machoke_shadow:616;machamp_shadow:575;goodra:540,metang_shadow:131;aurorus:149;dusknoir_shadow:188;ninetales:202;ninetales_shadow:242
victreebel,Victreebel,83.3,135.1,93.5,131,1656,ACID,LEAF_BLADE,SLUDGE_BOMB,82.8,76.1,76.7,49.6,electrode_hisuian:698;weezing_galarian_shadow:675;goodra:633;greninja_shadow:591;dragonair:545,gengar:142;ninetales:162;ninetales_shadow:194;metang:205;tinkaton:237
snorlax,Snorlax,83.1,108.4,102.2,187,2073,LICK,BODY_SLAM,SUPER_POWER,81.9,75.6,82.7,61.3,dusclops_shadow:665;metang:606;metang_shadow:601;steelix:590;dragonair_shadow:534,ninetales_shadow:170;girafarig_shadow:188;machoke_shadow:202;machamp_shadow:209;aurorus_shadow:222
arcanine_shadow,Arcanine (Shadow),83,132,102.5,125,1693,FIRE_FANG,WILD_CHARGE,PSYCHIC_FANGS,84.6,73.2,69.7,60.4,metang_shadow:852;aurorus:664;steelix:660;tinkaton:640;electrode_hisuian:628,politoed_shadow:176;goodra:209;dragonair:228;ninetales_shadow:250;dragonair_shadow:275
girafarig,Girafarig,83,130.3,101.5,130,1721,CONFUSION,PSYCHIC_FANGS,TRAILBLAZE,89.4,74.3,68,55.6,toxtricity:780;machamp_shadow:780;dusknoir_shadow:753;dragonair:592;ninetales_shadow:576,greninja_shadow:152;metang:201;metang_shadow:244;tinkaton:262;steelix:289
machoke_shadow,Machoke (Shadow),83,126.7,97.3,143,1766,KARATE_CHOP,CROSS_CHOP,DYNAMIC_PUNCH,88.2,69.1,84.6,45.9,dragonair:744;goodra:744;dragonair_shadow:699;ninetales:590;ninetales_shadow:548,weezing_galarian_shadow:81;weezing_galarian:81;haunter:94;gengar:96;gallade_shadow:158
magmar_shadow,Magmar (Shadow),83,135.1,107.6,114,1659,EMBER,FIRE_PUNCH,SCORCHING_SANDS,87.1,83,81.9,34.3,tinkaton:877;metang:828;metang_shadow:828;ninetales:710;ninetales_shadow:679,politoed:89;politoed_shadow:118;greninja_shadow:143;greninja:143;dragonair:279
scizor,Scizor,83,137.8,112,105,1622,BULLET_PUNCH,NIGHT_SLASH,TRAILBLAZE,82.4,60.1,75.5,63.3,aurorus:866;aurorus_shadow:842;dusknoir:628;dragonair_shadow:585;tinkaton:542,marowak_alolan:100;ninetales:130;ninetales_shadow:162;greninja_shadow:213;electrode_hisuian:308
magneton,Magneton,82.9,143.4,114.6,95,1563,VOLT_SWITCH,MAGNET_BOMB,DISCHARGE,84.2,68.6,81.5,58.3,gyarados_shadow:900;greninja_shadow:847;aurorus_shadow:721;aurorus:668;weezing_galarian_shadow:615,flygon:84;ninetales:194;ninetales_shadow:226;dragonair_shadow:263;dragonair:318
slowbro,Slowbro,82.8,113.4,120.9,144,1975,CONFUSION,DRAIN_PUNCH,ICE_BEAM,85.5,69.9,75,75.5,toxtricity:774;ninetales_shadow:701;ninetales:645;dragonair_shadow:569;dragonair:541,greninja:160;greninja_shadow:186;electrode_hisuian:195;metang:224;metang_shadow:236
typhlosion_shadow,Typhlosion (Shadow),82.8,132.7,108.8,117,1691,INCINERATE,BLAST_BURN,THUNDER_PUNCH,85.8,80.4,80.8,50.1,tinkaton:867;metang_shadow:833;metang:824;aurorus_shadow:803;dusclops:636,greninja:143;goodra:158;dragonair:169;greninja_shadow:169;dragonair_shadow:204
magmar,Magmar,82.6,135.1,107.6,114,1659,KARATE_CHOP,FIRE_PUNCH,SCORCHING_SANDS,85.9,85.1,79.5,40.5,metang_shadow:820;ninetales_shadow:710;ninetales:710;electrode_hisuian:675;tinkaton:649,haunter:94;gengar:96;gengar_shadow:96;machamp_shadow:197;dragonair:287
wartortle,Wartortle,82.6,107.6,139,139,2080,WATER_GUN,AQUA_JET,ICE_BEAM,79.4,65.7,83.4,67.7,ninetales:723;aurorus_shadow:708;ninetales_shadow:694;marowak_alolan:654;metang_shadow:615,electrode_hisuian:169;dragonair:208;dragonair_shadow:216;toxtricity:271;dusknoir_shadow:283
electivire_shadow,Electivire (Shadow),82.4,143.3,100.8,108,1562,THUNDER_SHOCK,ICE_PUNCH,WILD_CHARGE,85.9,92,94.5,20.3,metang:717;metang_shadow:625;marowak_alolan:606;dragonair_shadow:578;tinkaton:532,ninetales_shadow:162;aurorus:167;weezing_galarian_shadow:176;gallade:197;ninetales:269
zapdos,Zapdos,82.4,135.6,104.6,115,1633,THUNDER_SHOCK,DRILL_PECK,HEAT_WAVE,84.6,84.3,82.2,41.6,metang_shadow:821;gallade:800;blaziken:800;machamp_shadow:673;charizard_shadow:673,aurorus:112;aurorus_shadow:140;ninetales_alolan_shadow:148;ninetales_alolan:148;gallade_shadow:221
zapdos_shadow,Zapdos (Shadow),82.4,138.1,103.4,112,1601,THUNDER_SHOCK,DRILL_PECK,HEAT_WAVE,89.2,90.8,83.7,27,metang:816;metang_shadow:816;gallade:611;dragonair_shadow:593;machamp_shadow:589,electrode_hisuian:82;aurorus:140;ninetales_alolan:148;ninetales_shadow:162;aurorus_shadow:167
carkol,Carkol,82.3,97,141.5,168,2308,SMACK_DOWN,ROCK_SLIDE,FLAME_CHARGE,78.8,50.7,84.1,78.2,charizard_shadow:961;ninetales:815;ninetales_shadow:812;marowak_alolan_shadow:622;dusclops_shadow:622,gallade_shadow:177;gallade:201;dragonair:287;dragonair_shadow:287;tinkaton:379
drifblim_shadow,Drifblim (Shadow),82.1,119.1,75.7,209,1887,ASTONISH,ICY_WIND,SHADOW_BALL,85.1,76.5,68,67,gallade:863;gallade_shadow:846;marowak_alolan_shadow:710;metang:691;metang_shadow:669,pidgeot:144;greninja_shadow:221;ninetales:281;tinkaton:322;ninetales_shadow:337
dartrix,Dartrix,82,112.4,115.5,154,2001,PECK,BRAVE_BIRD,SEED_BOMB,85.8,84.9,85.6,56.2,electrode_hisuian:727;greninja_shadow:714;goodra:685;gallade:678;gallade_shadow:607,aurorus:112;aurorus_shadow:112;ninetales:162;toxtricity:173;ninetales_shadow:202
electrode_hisuian,Electrode (Hisuian),82,123.2,128.7,115,1825,THUNDER_SHOCK,WILD_CHARGE,SWIFT,92.5,76.9,87.2,52.4,dusknoir_shadow:708;greninja_shadow:686;weezing_galarian_shadow:682;machamp_shadow:565;tinkaton:534,aurorus:125;ninetales_shadow:130;aurorus_shadow:140;ninetales:242;dragonair:291
magnezone_shadow,Magnezone (Shadow),82,134.3,121.1,102,1661,VOLT_SWITCH,WILD_CHARGE,MIRROR_SHOT,87.6,75,84.8,62.7,tinkaton:848;greninja_shadow:779;metang:622;metang_shadow:583;dragonair:539,steelix:162;dragonair_shadow:192;steelix_shadow:198;ninetales:210;ninetales_shadow:257
typhlosion,Typhlosion,82,132.7,108.8,117,1691,INCINERATE,BLAST_BURN,THUNDER_PUNCH,83.3,77.6,82,52.8,metang:824;metang_shadow:824;tinkaton:705;dusclops_shadow:636;steelix:589,goodra:132;greninja_shadow:143;politoed_shadow:143;dragonair:145;dragonair_shadow:169
fraxure,Fraxure,81.9,144.2,91.5,118,1558,DRAGON_TAIL,AQUA_TAIL,NIGHT_SLASH,87.6,75.8,77.8,39.5,ninetales_shadow:894;toxtricity:665;dusknoir_shadow:614;steelix:597;dragonair:538,weezing_galarian_shadow:90;tinkaton:191;machoke_shadow:230;machamp_shadow:266;dragonair_shadow:358
snorlax_shadow,Snorlax (Shadow),81.9,108.4,102.2,187,2073,LICK,BODY_SLAM,SUPER_POWER,75,65.9,82.7,51.7,dusclops_shadow:737;weezing_galarian_shadow:644;steelix_shadow:609;metang:601;steelix:593,ninetales:170;greninja_shadow:195;dragonair_shadow:251;ninetales_shadow:253;dragonair:287
vikavolt_shadow,Vikavolt (Shadow),81.9,144.1,96.6,111,1547,VOLT_SWITCH,X_SCISSOR,DISCHARGE,85.3,80,72.8,37.9,greninja:833;gyarados_shadow:833;greninja_shadow:815;charizard_shadow:725;metang_shadow:635,goodra:158;dragonair:177;dragonair_shadow:208;ninetales:226;ninetales_shadow:273
arcanine,Arcanine,81.8,132,102.5,125,1693,FIRE_FANG,WILD_CHARGE,PSYCHIC_FANGS,83,73.7,71.5,58.3,tinkaton:668;weezing_galarian_shadow:664;aurorus_shadow:664;ninetales:588;ninetales_shadow:532,politoed_shadow:147;greninja_shadow:217;dragonair_shadow:228;goodra:299;dragonair:311
typhlosion_hisuian,Typhlosion (Hisuian),81.7,139.6,106.8,108,1611,EMBER,SHADOW_BALL,WILD_CHARGE,68.7,66,91.1,32.7,tinkaton:643;aurorus:643;gallade:638;metang:625;metang_shadow:587,politoed_shadow:97;dragonair:110;dragonair_shadow:110;goodra:119;ninetales_shadow:123
golbat,Golbat,81.6,117.6,116.2,139,1901,WING_ATTACK,POISON_FANG,SHADOW_BALL,80.4,69.6,78.8,61.7,gallade:726;weezing_galarian_shadow:719;marowak_alolan:658;marowak_alolan_shadow:615;tinkaton:525,aurorus:85;steelix:99;steelix_shadow:99;aurorus_shadow:112;ninetales_shadow:222
muk,Muk,81.5,115.8,111.7,148,1916,POISON_JAB,THUNDER_PUNCH,DARK_PULSE,77.1,61.6,82.7,56.7,raikou:820;electrode_hisuian:685;politoed_shadow:652;gallade:618;machamp_shadow:608,metang_shadow:131;aurorus:149;dusknoir_shadow:188;ninetales_shadow:242;ninetales:242
toxtricity,Toxtricity,81.4,141.2,95.3,118,1590,ACID,WILD_CHARGE,POWER_UP_PUNCH,92.3,78.4,88.3,53,electrode_hisuian:682;weezing_galarian_shadow:656;dusknoir:639;ninetales:601;ninetales_shadow:516,metang:131;aurorus_shadow:149;marowak_alolan:156;metang_shadow:182;steelix_shadow:265
graveler_alolan_shadow,Graveler (Alolan) (Shadow),81.3,122.6,129.8,115,1831,VOLT_SWITCH,STONE_EDGE,ROCK_BLAST,81.9,70.4,74.7,54.6,aurorus:778;ninetales:743;electrode_hisuian:739;greninja_shadow:734;ninetales_shadow:713,flygon:84;goodra:141;dragonair:145;dragonair_shadow:177;toxtricity:237
weezing,Weezing,81.3,117.5,140.2,116,1913,ROLLOUT,SLUDGE_BOMB,SHADOW_BALL,73.4,52.2,87.8,42.5,aurorus_shadow:724;gallade:616;dusknoir:594;machamp_shadow:594;marowak_alolan:590,metang_shadow:85;dragonair:161;dragonair_shadow:169;ninetales:198;ninetales_shadow:226
articuno,Articuno,81.1,112.6,139.6,126,1981,POWDER_SNOW,ICY_WIND,HURRICANE,79.6,53.5,77.3,61.7,gallade:821;dusclops_shadow:714;goodra:587;dragonair_shadow:571;dragonair:551,ninetales_shadow:123;ninetales:123;marowak_alolan:148;aurorus:149;aurorus_shadow:149
golem_alolan,Golem (Alolan),81.1,125.1,122.2,117,1791,VOLT_SWITCH,WILD_CHARGE,ROCK_BLAST,81.9,67.5,83.1,57.6,ninetales:782;ninetales_shadow:739;aurorus:722;toxtricity:675;electrode_hisuian:670,raikou:142;goodra:153;dragonair:161;dragonair_shadow:161;steelix:186
grimer_alolan,Grimer (Alolan),81.1,122.7,86.8,171,1824,POISON_JAB,CRUNCH,SLUDGE_BOMB,74.5,61.9,85.8,54.6,dusclops_shadow:701;weezing_galarian_shadow:622;politoed_shadow:605;dusknoir:549;goodra:535,tinkaton:131;aurorus:149;metang_shadow:155;ninetales:202;ninetales_shadow:242
electivire,Electivire,81,143.3,100.8,108,1562,THUNDER_SHOCK,ICE_PUNCH,WILD_CHARGE,84.3,77.6,90.6,27,metang_shadow:717;gyarados_shadow:662;charizard_shadow:648;dusknoir:606;marowak_alolan_shadow:606,aurorus:140;ninetales:162;tinkaton:173;gallade:177;ninetales_shadow:269
golbat_shadow,Golbat (Shadow),80.9,117.6,116.2,139,1901,WING_ATTACK,POISON_FANG,SHADOW_BALL,74.9,74.2,75.9,52.1,machoke_shadow:730;weezing_galarian_shadow:687;marowak_alolan:615;dusclops:586;metang:553,steelix:99;aurorus:112;tinkaton:131;ninetales:222;ninetales_shadow:242
zoroark_hisuian,Zoroark (Hisuian),80.9,163.4,87.5,96,1374,SHADOW_CLAW,SHADOW_BALL,FOUL_PLAY,77.3,69.1,79,33.8,metang:786;metang_shadow:786;gallade_shadow:776;dusknoir:666;tinkaton:578,greninja_shadow:186;ninetales:194;ninetales_shadow:226;goodra:235;dragonair:251
bellossom,Bellossom,80.8,115,132.2,128,1948,ACID,LEAF_BLADE,DAZZLING_GLEAM,80.4,66.8,79.5,60.8,electrode_hisuian:777;greninja:738;greninja_shadow:707;machamp_shadow:632;goodra:625,weezing_galarian_shadow:159;metang:201;metang_shadow:209;ninetales_shadow:285;dragonair:314
magmortar_shadow,Magmortar (Shadow),80.7,140.8,104.5,108,1589,KARATE_CHOP,FIRE_PUNCH,THUNDERBOLT,83.5,83,74.2,29,aurorus:828;metang_shadow:819;aurorus_shadow:782;toxtricity:634;steelix:606,haunter:94;gengar:96;gallade:134;ninetales_shadow:202;ninetales:202
golem_alolan_shadow,Golem (Alolan) (Shadow),80.5,125.1,122.2,117,1791,VOLT_SWITCH,WILD_CHARGE,ROCK_BLAST,79.6,72.2,80.7,48.5,marowak_alolan_shadow:786;ninetales:739;ninetales_shadow:709;greninja_shadow:692;dusknoir_shadow:576,flygon:84;goodra:141;dragonair:161;dragonair_shadow:177;steelix_shadow:182
venusaur,Venusaur,80.3,122.1,122.1,123,1836,VINE_WHIP,FRENZY_PLANT,SLUDGE,76.2,75.8,84.9,52.4,electrode_hisuian:756;gallade:752;greninja_shadow:654;steelix:605;machamp_shadow:585,ninetales_shadow:99;charizard_shadow:106;metang_shadow:120;metang:131;toxtricity:173
dachsbun,Dachsbun,80.2,113.4,156.1,112,1984,CHARM,PSYCHIC_FANGS,PLAY_ROUGH,79.6,60.8,74.5,73.4,machamp_shadow:888;gallade_shadow:852;dragonair:767;goodra:754;dragonair_shadow:714,metang_shadow:189;ninetales_shadow:202;metang:217;tinkaton:226;ninetales:313
muk_shadow,Muk (Shadow),80.2,115.8,111.7,148,1916,POISON_JAB,THUNDER_PUNCH,DARK_PULSE,72.9,53.9,78.8,51.7,weezing_galarian_shadow:699;machamp_shadow:652;machamp:608;dusclops_shadow:604;machoke_shadow:604,steelix_shadow:99;metang_shadow:120;metang:131;ninetales:242;ninetales_shadow:281
bellossom_shadow,Bellossom (Shadow),80.1,115,132.2,128,1948,ACID,LEAF_BLADE,DAZZLING_GLEAM,80.1,73.5,75.5,51.9,electrode_hisuian:710;greninja:707;greninja_shadow:644;aurorus_shadow:644;goodra:617,ninetales_shadow:162;weezing_galarian_shadow:198;metang:209;tinkaton:241;ninetales:285
grimer_shadow,Grimer (Shadow),80.1,122.7,86.8,171,1824,POISON_JAB,SLUDGE,MUD_BOMB,71.9,53,80.3,47.1,weezing_galarian:695;coalossal:681;weezing_galarian_shadow:663;machoke_shadow:637;goodra:526,steelix:99;steelix_shadow:99;metang:120;metang_shadow:120;tinkaton:173
magneton_shadow,Magneton (Shadow),80,143.4,114.6,95,1563,THUNDER_SHOCK,DISCHARGE,MAGNET_BOMB,80.9,53.3,83.9,37.9,aurorus:773;gyarados_shadow:757;gallade:652;gallade_shadow:568;dusknoir:552,ninetales:130;marowak_alolan:132;raikou:159;ninetales_shadow:162;machamp_shadow:229
pidgeot,Pidgeot,79.7,116.9,115.5,142,1918,WING_ATTACK,AIR_CUTTER,BRAVE_BIRD,85.1,58,84.1,62.7,gallade:869;marowak_alolan:693;dusknoir:669;goodra:609;dusknoir_shadow:598,electrode_hisuian:160;aurorus:161;ninetales:162;steelix:162;ninetales_shadow:202
raichu_alolan,Raichu (Alolan),79.7,135.4,109.9,111,1653,THUNDER_SHOCK,WILD_CHARGE,TRAILBLAZE,77.8,67,81.7,35.6,marowak_alolan_shadow:648;metang_shadow:635;gallade:617;ninetales:612;ninetales_shadow:567,dragonair_shadow:110;toxtricity:144;weezing_galarian_shadow:155;tinkaton:226;dragonair:259
heracross,Heracross,79.6,134.6,108.4,114,1665,FURY_CUTTER,UPPER_HAND,ROCK_TOMB,74.1,54.9,78.1,40.5,greninja:811;aurorus:758;greninja_shadow:653;steelix_shadow:627;dragonair:548,weezing_galarian:86;marowak_alolan:92;ninetales_shadow:138;ninetales:138;weezing_galarian_shadow:168
vikavolt,Vikavolt,79.6,144.1,96.6,111,1547,VOLT_SWITCH,X_SCISSOR,FLY,82.7,81.2,76.2,37.2,greninja_shadow:833;gyarados_shadow:833;gyarados:792;electrode_hisuian:590;politoed_shadow:572,dragonair:145;dragonair_shadow:177;ninetales:194;steelix:198;ninetales_shadow:226
muk_alolan,Muk (Alolan),79.5,115.8,111.7,148,1916,POISON_JAB,DARK_PULSE,ACID_SPRAY,81.2,60.8,85.4,62.4,dusclops:753;gallade:746;dusclops_shadow:729;weezing_galarian_shadow:685;dusknoir:570,aurorus:149;metang_shadow:174;aurorus_shadow:185;ninetales_shadow:265;ninetales:289
slowbro_shadow,Slowbro (Shadow),79.5,113.4,120.9,144,1975,CONFUSION,DRAIN_PUNCH,ICE_BEAM,83,66.3,68.6,68.1,machamp_shadow:899;ninetales_shadow:770;toxtricity:736;ninetales:701;gallade:607,tyranitar_shadow:137;metang_shadow:143;greninja:186;greninja_shadow:213;metang:236
venomoth,Venomoth,79.5,127,107.5,129,1763,PSYWAVE,POISON_FANG,BUG_BUZZ,74.9,71.2,71.5,58.3,machoke_shadow:786;weezing_galarian_shadow:697;gallade:635;politoed_shadow:624;goodra:550,metang:85;metang_shadow:85;steelix:142;ninetales:289;ninetales_shadow:361
charizard,Charizard,79.4,132.7,108.8,117,1691,EMBER,BLAST_BURN,AIR_CUTTER,87.1,80.7,83.9,49.1,tinkaton:910;metang:910;metang_shadow:910;gallade_shadow:824;gallade:824,tyranitar_shadow:116;greninja_shadow:143;goodra:230;dragonair:275;dragonair_shadow:307
charizard_shadow,Charizard (Shadow),79.4,132.7,108.8,117,1691,EMBER,BLAST_BURN,AIR_CUTTER,89,80.9,88.3,41.1,metang:910;tinkaton:867;gallade:824;metang_shadow:824;gallade_shadow:790,greninja_shadow:143;greninja:143;aurorus_shadow:167;dragonair:307;ninetales_shadow:309
haunter_shadow,Haunter (Shadow),79.4,161.1,85.5,101,1392,SHADOW_CLAW,ICE_PUNCH,SHADOW_BALL,73.1,59.5,84.3,40.2,metang:797;metang_shadow:797;toxtricity:762;machoke_shadow:678;raikou:608,greninja_shadow:217;ninetales:226;tinkaton:251;ninetales_shadow:289;dragonair:322
cinderace,Cinderace,79.3,139,99.4,117,1617,FIRE_SPIN,BLAST_BURN,PYRO_BALL,74.1,53.9,78.8,45.3,steelix:666;aurorus:662;tinkaton:623;weezing_galarian_shadow:623;steelix_shadow:615,goodra:158;dragonair:169;dragonair_shadow:192;ninetales_shadow:198;greninja_shadow:200
golem_shadow,Golem (Shadow),79.3,125.1,122.2,117,1791,MUD_SLAP,STONE_EDGE,ROCK_BLAST,79.9,47.9,74.5,65.2,toxtricity:811;electrode_hisuian:773;steelix:722;ninetales_shadow:709;tinkaton:598,dartrix:71;pelipper:108;gyarados_shadow:152;goodra:260;dragonair:287
magmortar,Magmortar,79.3,140.8,104.5,108,1589,KARATE_CHOP,FIRE_PUNCH,THUNDERBOLT,79.4,81.7,73.7,35.6,aurorus:828;aurorus_shadow:828;electrode_hisuian:648;tinkaton:625;steelix_shadow:606,gengar:96;gallade_shadow:134;gallade:149;machamp_shadow:197;ninetales_shadow:202
venusaur_shadow,Venusaur (Shadow),79.2,122.1,122.1,123,1836,VINE_WHIP,FRENZY_PLANT,SLUDGE,71.3,73.8,83.1,40,politoed_shadow:723;electrode_hisuian:707;greninja:654;weezing_galarian_shadow:646;greninja_shadow:609,ninetales:99;metang:120;metang_shadow:120;ninetales_shadow:130;dragonair_shadow:161
scyther_shadow,Scyther (Shadow),79,134.8,109.4,113,1668,FURY_CUTTER,NIGHT_SLASH,X_SCISSOR,79.6,67.6,79.6,39.8,greninja_shadow:836;metang_shadow:827;dragonair_shadow:676;gallade:676;dusknoir_shadow:597,ninetales:138;charizard_shadow:149;ninetales_shadow:206;tinkaton:258;dragonair:303
vaporeon,Vaporeon,79,118.4,96.9,165,1894,WATER_GUN,AQUA_TAIL,LAST_RESORT,74.5,56.7,75.5,61,ninetales:781;ninetales_shadow:760;aurorus:745;marowak_alolan:703;tinkaton:566,electrode_hisuian:169;dragonair:192;dragonair_shadow:192;gallade_shadow:250;dusknoir_shadow:272
pidgeot_shadow,Pidgeot (Shadow),78.8,116.9,115.5,142,1918,WING_ATTACK,BRAVE_BIRD,AIR_CUTTER,84.6,64.6,81.5,51.2,blaziken:838;charizard_shadow:806;marowak_alolan:658;weezing_galarian_shadow:616;dusknoir:598,aurorus_shadow:112;steelix:158;tinkaton:198;ninetales_shadow:202;ninetales:202
venomoth_shadow,Venomoth (Shadow),78.7,127,107.5,129,1763,PSYWAVE,POISON_FANG,BUG_BUZZ,74.5,68.1,66.3,48.2,machamp_shadow:891;toxtricity:771;blaziken:682;weezing_galarian_shadow:620;dusknoir_shadow:562,metang:85;metang_shadow:108;greninja_shadow:169;ninetales_shadow:230;dragonair:279
suicune,Suicune,78.6,106.2,143,137,2083,ICE_FANG,BUBBLE_BEAM,SCALD,86.4,76.3,81.5,70.7,ninetales:744;ninetales_shadow:711;goodra:624;dusknoir:613;dragonair_shadow:554,magnezone:151;steelix_shadow:226;metang:236;metang_shadow:248;toxtricity:258
wartortle_shadow,Wartortle (Shadow),78.6,107.6,139,139,2080,WATER_GUN,AQUA_JET,ICE_BEAM,74.4,60.5,78.4,63.1,ninetales_shadow:741;aurorus:708;ninetales:694;tinkaton:622;metang:615,ludicolo:108;electrode_hisuian:169;dragonair:192;goodra:226;dragonair_shadow:275
golem,Golem,78.4,125.1,122.2,117,1791,MUD_SLAP,STONE_EDGE,ROCK_BLAST,78.1,46.4,74.5,64.5,toxtricity:918;ninetales:773;steelix:730;electrode_hisuian:696;marowak_alolan:623,gyarados:103;gyarados_shadow:128;goodra:235;dragonair:240;dragonair_shadow:287
rotom,Rotom,78.4,132.4,120.4,106,1691,ASTONISH,THUNDERBOLT,OMINOUS_WIND,76.3,60.6,72.3,60.8,gallade:844;gallade_shadow:830;machoke_shadow:716;electrode_hisuian:655;tinkaton:561,pidgeot_shadow:172;greninja:213;greninja_shadow:221;ninetales:281;ninetales_shadow:309
hariyama_shadow,Hariyama (Shadow),78.3,125.6,76,186,1778,FORCE_PALM,UPPER_HAND,HEAVY_SLAM,74.9,47.4,72,57.8,greninja_shadow:892;aurorus:852;aurorus_shadow:849;steelix:680;tinkaton:599,weezing_galarian:133;marowak_alolan_shadow:144;weezing_galarian_shadow:159;dusknoir:161;dusknoir_shadow:200
machoke,Machoke,78.3,126.7,97.3,143,1766,KARATE_CHOP,CROSS_CHOP,RETURN,76.7,51.2,72.6,50.8,aurorus:828;aurorus_shadow:800;greninja:751;greninja_shadow:692;goodra:590,weezing_galarian_shadow:81;gallade_shadow:158;marowak_alolan:160;ninetales:162;ninetales_shadow:202
tyrantrum,Tyrantrum,78.3,129,115.1,116,1724,DRAGON_TAIL,ROCK_TOMB,CRUNCH,75.7,48.2,73.8,47.5,ninetales:754;ninetales_shadow:719;marowak_alolan:685;electrode_hisuian:659;marowak_alolan_shadow:629,ninetales_alolan:76;ninetales_alolan_shadow:100;weezing_galarian_shadow:125;metang:127;tinkaton:156
metagross,Metagross,78.2,132.7,122,104,1686,SHADOW_CLAW,METEOR_MASH,EARTHQUAKE,71,45.3,79.3,47.1,tinkaton:658;metang:629;goodra:591;dragonair:586;dragonair_shadow:552,greninja_shadow:126;ninetales:146;greninja:160;ninetales_shadow:182;electrode_hisuian:200
charmeleon_shadow,Charmeleon (Shadow),78.1,126.6,109.4,128,1774,EMBER,FIRE_PUNCH,FLAMETHROWER,78.9,73.4,72.6,40.2,metang:847;metang_shadow:847;steelix:699;toxtricity:691;tinkaton:664,politoed_shadow:89;greninja:108;greninja_shadow:126;blaziken:155;dragonair:267
tyrunt,Tyrunt,78.1,126.6,107.8,129,1763,DRAGON_TAIL,ROCK_TOMB,STOMP,76.2,55.6,70.8,48.2,ninetales:825;ninetales_shadow:810;electrode_hisuian:755;toxtricity:686;marowak_alolan:658,ninetales_alolan:76;weezing_galarian_shadow:107;metang:127;tinkaton:134;metang_shadow:139
hariyama,Hariyama,77.9,125.6,76,186,1778,FORCE_PALM,UPPER_HAND,HEAVY_SLAM,74.1,46.6,75,58.8,greninja_shadow:879;aurorus_shadow:852;aurorus:846;steelix:602;goodra:586,weezing_galarian_shadow:133;dusknoir:138;dusknoir_shadow:161;gallade:206;ninetales:281
mr_mime,Mr. Mime,77.9,131.5,144.2,90,1709,PSYWAVE,SHADOW_BALL,PSYCHIC,68.5,49.7,77.4,44.6,blaziken:794;machamp_shadow:788;dragonair:677;goodra:672;dragonair_shadow:555,metang:96;metang_shadow:96;greninja_shadow:169;tinkaton:180;ninetales_shadow:253
weezing_shadow,Weezing (Shadow),77.9,117.6,139.5,116,1905,ROLLOUT,SLUDGE_BOMB,SHADOW_BALL,64.8,40.1,84.6,34.7,aurorus:724;dusclops:693;weezing_galarian_shadow:650;dusclops_shadow:633;machoke_shadow:633,metang:85;metang_shadow:112;gallade:139;dragonair_shadow:169;dragonair:192
farfetchd_galarian,Farfetch'd (Galarian),77.8,137.6,99.7,119,1634,FURY_CUTTER,LEAF_BLADE,BRICK_BREAK,78.5,74.8,70.6,49.1,greninja_shadow:794;raikou_shadow:768;gastrodon:743;magnezone_shadow:617;politoed_shadow:609,marowak_alolan:208;machamp_shadow:209;charizard:247;dragonair_shadow:263;tinkaton:404
farfetchd,Farfetch'd,77.7,116.8,109.2,131,1671,FURY_CUTTER,LEAF_BLADE,AERIAL_ACE,77.3,78.4,73.7,46.9,gastrodon:904;tyranitar_shadow:778;politoed_shadow:736;girafarig_shadow:702;dusknoir:576,charizard_shadow:89;charizard:89;machamp_shadow:149;tinkaton:173;gallade:177
aerodactyl,Aerodactyl,77.4,134.4,103.3,120,1667,DRAGON_BREATH,ROCK_SLIDE,EARTH_POWER,67.5,56.4,73.2,33.1,ninetales:720;marowak_alolan:720;torkoal:687;marowak_alolan_shadow:670;ninetales_shadow:508,ninetales_alolan_shadow:80;ninetales_alolan:80;tinkaton:92;steelix:103;metang:189
slowpoke,Slowpoke,77.3,104.1,94.9,186,1840,CONFUSION,PSYSHOCK,WATER_PULSE,77.1,55.3,76.6,63.1,machamp_shadow:766;aurorus:717;ninetales:706;ninetales_shadow:661;gallade:626,tyranitar_shadow:104;metang_shadow:139;metang:174;greninja_shadow:186;dragonair:287
combusken_shadow,Combusken (Shadow),77.2,130.3,100.8,131,1723,EMBER,ROCK_SLIDE,FLAME_CHARGE,69.2,65.4,77.4,32.4,marowak_alolan_shadow:755;aurorus:706;ninetales_shadow:675;steelix:652;tinkaton:599,politoed_shadow:89;dragonair:110;goodra:119;dragonair_shadow:157;greninja_shadow:160
grimer_alolan_shadow,Grimer (Alolan) (Shadow),77.2,122.7,86.8,171,1824,POISON_JAB,CRUNCH,SLUDGE_BOMB,71.8,55.9,77.6,48.9,dusclops:701;dusclops_shadow:660;slowking_galarian:657;weezing_galarian_shadow:622;weezing_galarian:622,metang_shadow:143;metang:155;tinkaton:173;marowak_alolan:180;ninetales:242
electabuzz_shadow,Electabuzz (Shadow),77.1,132.1,112.5,114,1696,THUNDER_SHOCK,THUNDER_PUNCH,THUNDERBOLT,78.8,75.5,72.6,28.8,zapdos_shadow:837;charizard:798;charizard_shadow:758;gyarados_shadow:714;dusknoir_shadow:535,ninetales:162;aurorus_shadow:167;weezing_galarian_shadow:198;gallade:221;dragonair:275
misdreavus,Misdreavus,77.1,123,120.8,122,1814,PSYWAVE,SHADOW_SNEAK,DARK_PULSE,64.8,49.4,78.3,42.7,machoke_shadow:754;swalot:672;machamp:672;politoed_shadow:631;dragonair_shadow:504,greninja:113;greninja_shadow:134;ninetales:170;tinkaton:180;ninetales_shadow:253
combusken,Combusken,77,130.3,100.8,131,1723,EMBER,ROCK_SLIDE,FLAME_CHARGE,71.6,70.6,75.9,40.7,aurorus_shadow:706;ninetales_alolan_shadow:706;steelix_shadow:652;tinkaton:633;ninetales_shadow:530,politoed_shadow:89;dragonair_shadow:110;greninja:121;dragonair:122;greninja_shadow:160
golduck_shadow,Golduck (Shadow),77,124.1,112.1,129,1797,CONFUSION,CROSS_CHOP,LIQUIDATION,78.9,76.9,65.8,45.5,machamp_shadow:806;ninetales:728;aurorus:717;toxtricity:709;aurorus_shadow:655,tyranitar_shadow:120;greninja:186;greninja_shadow:213;metang:244;goodra:260
ceruledge,Ceruledge,76.9,136.3,114,106,1648,INCINERATE,SHADOW_BALL,HEAT_WAVE,75.4,54.1,68.9,56.7,ninetales:740;tinkaton:683;machoke_shadow:650;metang:632;steelix:566,goodra:132;dragonair:145;dusclops:157;dragonair_shadow:181;ninetales_shadow:194
misdreavus_shadow,Misdreavus (Shadow),76.9,123,120.8,122,1814,ASTONISH,SHADOW_SNEAK,DARK_PULSE,77.5,58.8,68.6,61.7,gallade:831;metang_shadow:831;gallade_shadow:823;marowak_alolan_shadow:700;metang:569,pidgeot:144;greninja:200;greninja_shadow:243;tinkaton:287;ninetales:309
electabuzz,Electabuzz,76.8,130.8,113.2,115,1704,THUNDER_SHOCK,THUNDER_PUNCH,RETURN,74.4,56.1,76.2,37,zapdos_shadow:878;charizard:839;charizard_shadow:800;gyarados_shadow:760;politoed_shadow:608,flygon:48;goodra:115;ninetales_shadow:162;ninetales:162;dragonair:271
metagross_shadow,Metagross (Shadow),76.7,132.7,122,104,1686,SHADOW_CLAW,METEOR_MASH,EARTHQUAKE,68.5,46.8,79.1,40.5,gallade_shadow:687;aurorus:625;tinkaton:600;goodra:557;dragonair:504,greninja:126;greninja_shadow:156;ninetales:182;ninetales_shadow:218;dragonair_shadow:251
slowpoke_shadow,Slowpoke (Shadow),76.5,104.1,94.9,186,1840,CONFUSION,PSYSHOCK,WATER_PULSE,76,56.1,73.5,58.5,blaziken:900;machamp_shadow:884;toxtricity:768;ninetales_shadow:741;ninetales:661,tyranitar:104;metang_shadow:120;tyranitar_shadow:120;metang:139;greninja_shadow:213
articuno_galarian,Articuno (Galarian),76.4,134.1,110.9,112,1667,PSYCHO_CUT,FLY,BRAVE_BIRD,71.3,60,78.3,28.8,machoke_shadow:772;swalot:718;gallade:714;gallade_shadow:683;marowak_alolan:611,greninja_shadow:65;greninja:73;ninetales_shadow:162;ninetales:162;dragonair_shadow:181
drifloon,Drifloon,76.4,110.9,79.8,186,1647,HEX,SHADOW_BALL,ICY_WIND,74.7,56.9,70.4,43.7,metang:739;gallade:715;metang_shadow:706;gallade_shadow:693;dragonair_shadow:561,aurorus:112;greninja_shadow:134;electrode_hisuian:134;ninetales:142;ninetales_shadow:170
golduck,Golduck,76.4,124.1,112.1,129,1797,CONFUSION,CROSS_CHOP,LIQUIDATION,78,77.3,68.9,51.2,ninetales:794;aurorus:775;ninetales_shadow:728;marowak_alolan:697;tinkaton:550,greninja:160;greninja_shadow:186;metang_shadow:244;dusknoir_shadow:255;dragonair_shadow:279
graveler_shadow,Graveler (Shadow),76.4,122.6,129.8,115,1831,MUD_SLAP,ROCK_SLIDE,DIG,76.7,45,66.5,65.9,toxtricity:813;marowak_alolan_shadow:782;steelix:765;ninetales_shadow:713;electrode_hisuian:665,dartrix:71;pelipper:108;gyarados_shadow:152;goodra:260;dragonair:287
sylveon,Sylveon,76.4,117.3,124.6,130,1902,CHARM,PSYSHOCK,MOONBLAST,72.8,51.5,77.4,65.9,machamp_shadow:873;gallade_shadow:842;goodra:776;dragonair:773;dragonair_shadow:688,tinkaton:173;weezing_galarian_shadow:185;metang:189;ninetales_shadow:198;ninetales:218
absol_shadow,Absol (Shadow),76.3,156.6,83.9,109,1434,PSYCHO_CUT,BRUTAL_SWING,MEGAHORN,82.5,66.5,74.5,18.3,gallade_shadow:885;gallade:885;dusknoir:743;dusknoir_shadow:697;toxtricity:610,greninja:82;greninja_shadow:95;aurorus:140;ninetales_shadow:162;tinkaton:226
charmeleon,Charmeleon,76.3,126.6,109.4,128,1774,EMBER,FIRE_PUNCH,RETURN,73.4,58.2,76.4,44.3,metang_shadow:847;ninetales_shadow:710;electrode_hisuian:710;weezing_galarian_shadow:671;tinkaton:644,goodra:98;greninja_shadow:108;greninja:108;ninetales:123;dragonair:251
muk_alolan_shadow,Muk (Alolan) (Shadow),76.3,115.8,111.7,148,1916,POISON_JAB,DARK_PULSE,ACID_SPRAY,77.5,60.6,75.2,55.8,dusclops:729;weezing_galarian:685;slowking_galarian:672;dusclops_shadow:668;weezing_galarian_shadow:618,metang_shadow:158;tinkaton:173;metang:174;aurorus:185;ninetales:265
serperior,Serperior,76.3,110.2,142.2,130,2038,VINE_WHIP,FRENZY_PLANT,AERIAL_ACE,68.5,45.5,80.3,52.1,gallade:857;greninja_shadow:696;electrode_hisuian:634;steelix:626;goodra:588,ninetales:83;ninetales_shadow:123;toxtricity:131;dragonair:145;dragonair_shadow:145
tyrantrum_shadow,Tyrantrum (Shadow),76.2,129,115.1,116,1724,DRAGON_TAIL,CRUNCH,ROCK_TOMB,73.2,47.4,70.6,42.5,ninetales:719;ninetales_shadow:685;charizard_shadow:650;marowak_alolan:629;electrode_hisuian:616,ninetales_alolan_shadow:100;weezing_galarian_shadow:107;metang:158;metang_shadow:166;tinkaton:173
ariados,Ariados,76,124.2,103.8,140,1806,POISON_STING,LUNGE,TRAILBLAZE,75.7,69.4,68.2,60.1,electrode_hisuian:760;gallade_shadow:732;machoke_shadow:710;gallade:610;greninja:610,marowak_alolan:164;ninetales_shadow:257;tinkaton:258;toxtricity:296;ninetales:361
graveler,Graveler,76,121.4,130.9,116,1845,MUD_SLAP,ROCK_SLIDE,DIG,75.7,44.5,70.1,65.4,toxtricity:943;electrode_hisuian:702;ninetales:668;steelix:668;marowak_alolan:616,gyarados:103;gyarados_shadow:128;goodra:209;dragonair:240;dragonair_shadow:287
meowscarada,Meowscarada,75.9,140.3,99.1,115,1600,LEAFAGE,FRENZY_PLANT,NIGHT_SLASH,72.3,54.1,75.4,48.7,steelix_shadow:786;dusknoir_shadow:760;dusknoir:752;greninja_shadow:704;gallade_shadow:682,charizard_shadow:106;ninetales_shadow:130;ninetales:130;marowak_alolan_shadow:148;weezing_galarian_shadow:159
onix,Onix,75.9,84,207.5,105,1831,ROCK_THROW,ROCK_SLIDE,SAND_TOMB,76.8,55.6,73,74.3,electrode_hisuian:790;toxtricity:704;ninetales:700;marowak_alolan:695;ninetales_shadow:680,gallade_shadow:158;tinkaton:234;dragonair_shadow:240;dragonair:251;metang:263
pinsir_shadow,Pinsir (Shadow),75.9,139.6,112.6,102,1604,FURY_CUTTER,CLOSE_COMBAT,X_SCISSOR,72.3,56.7,73.5,34,greninja:823;greninja_shadow:818;gastrodon:754;metang_shadow:700;steelix:647,ninetales:138;charizard_shadow:149;weezing_galarian_shadow:168;tinkaton:180;ninetales_shadow:206
scyther,Scyther,75.9,134.8,109.4,113,1668,FURY_CUTTER,NIGHT_SLASH,X_SCISSOR,77,69.1,72.8,43,greninja_shadow:818;gallade:734;gallade_shadow:676;dusknoir_shadow:592;dragonair:522,ninetales_shadow:138;ninetales:138;charizard_shadow:149;ninetales_alolan_shadow:156;tinkaton:159
aerodactyl_shadow,Aerodactyl (Shadow),75.8,134.4,103.3,120,1667,DRAGON_BREATH,ROCK_SLIDE,EARTH_POWER,64.4,50,72.8,30.4,coalossal:762;marowak_alolan:670;torkoal:654;marowak_alolan_shadow:587;ninetales:508,ninetales_alolan:80;tinkaton:92;metang_shadow:166;metang:189;ninetales_shadow:253
tyrunt_shadow,Tyrunt (Shadow),75.8,126.6,107.8,129,1763,DRAGON_TAIL,ROCK_TOMB,STOMP,72.4,56.7,66.7,43,ninetales:810;ninetales_shadow:794;electrode_hisuian:736;charizard_shadow:682;marowak_alolan:589,ninetales_alolan_shadow:100;weezing_galarian_shadow:107;metang:139;tinkaton:148;metang_shadow:166
dugtrio_alolan_shadow,Dugtrio (Alolan) (Shadow),75.5,148.1,112.9,90,1506,MUD_SLAP,MUD_BOMB,IRON_HEAD,77,47.4,59.3,66.8,toxtricity:955;weezing_galarian_shadow:861;steelix_shadow:805;metang_shadow:772;blaziken:727,dartrix:94;pelipper:134;gyarados:152;gyarados_shadow:177;dragonair:334
espeon,Espeon,75.5,148,105.6,97,1517,CONFUSION,PSYCHIC_FANGS,SHADOW_BALL,80.4,69.3,62.1,39.1,machamp_shadow:829;machoke_shadow:829;blaziken:788;toxtricity:695;swalot:623,greninja:143;greninja_shadow:160;metang:170;dragonair:287;ninetales_shadow:289
mewtwo_shadow,Mewtwo (Shadow),75.4,147.3,94.4,106,1475,PSYCHO_CUT,PSYSTRIKE,THUNDERBOLT,61.5,52.5,91.4,17.3,slowking_galarian:665;charjabug:617;marowak_alolan:599;girafarig_shadow:599;flygon:599,metang:81;greninja_shadow:95;ninetales_shadow:162;ninetales:162;dragonair:181
chansey,Chansey,75.3,63,120.1,421,3188,ZEN_HEADBUTT,DAZZLING_GLEAM,PSYCHIC,67.1,49.9,79.6,70.9,toxtricity:637;dusclops:606;marowak_alolan:574;dusclops_shadow:573;weezing_galarian_shadow:561,greninja_shadow:160;metang:162;tinkaton:226;ninetales_shadow:230;dragonair_shadow:287
alakazam_shadow,Alakazam (Shadow),75.2,155.8,101.4,91,1439,PSYCHO_CUT,FIRE_PUNCH,SHADOW_BALL,74.4,63.9,79.6,18.3,raikou:747;blaziken:697;ninetales_alolan:648;ninetales_alolan_shadow:598;toxtricity:565,greninja_shadow:108;greninja:108;ninetales:162;ninetales_shadow:194;dragonair_shadow:251
drifloon_shadow,Drifloon (Shadow),75.2,110.9,79.8,186,1647,HEX,SHADOW_BALL,ICY_WIND,71.9,51.3,67.2,36.3,metang:706;gallade:693;marowak_alolan:688;gallade_shadow:639;metang_shadow:637,aurorus:131;greninja_shadow:160;ninetales:170;goodra:183;ninetales_shadow:198
kricketune,Kricketune,75.2,127.7,89.5,153,1751,FURY_CUTTER,X_SCISSOR,AERIAL_ACE,71.4,63.4,72.1,46.2,greninja_shadow:820;dragonair_shadow:709;gallade:689;politoed_shadow:683;dragonair:532,marowak_alolan_shadow:92;ninetales_shadow:138;ninetales:138;charizard_shadow:149;tinkaton:170
suicune_shadow,Suicune (Shadow),75.1,107.1,139.9,136,2039,ICE_FANG,BUBBLE_BEAM,SCALD,82.4,72.2,74,60.4,ninetales:709;marowak_alolan:617;dusclops:599;dragonair_shadow:558;ninetales_shadow:514,magnezone:200;aurorus_shadow:216;steelix:226;steelix_shadow:242;metang:248
articuno_shadow,Articuno (Shadow),75,115.1,136.9,123,1939,POWDER_SNOW,TRIPLE_AXEL,HURRICANE,71,49.2,68.9,47.1,dusclops:654;weezing_galarian_shadow:634;dusclops_shadow:626;dragonair:565;dragonair_shadow:508,ninetales:111;torkoal:125;ninetales_shadow:146;tinkaton:255;metang:271
cacturne_shadow,Cacturne (Shadow),74.9,147.2,85,121,1516,SUCKER_PUNCH,TRAILBLAZE,DYNAMIC_PUNCH,77.6,50,62.7,61.7,dusknoir_shadow:797;dusknoir:789;steelix:657;dusclops_shadow:652;gallade_shadow:623,weezing_galarian_shadow:219;ninetales_alolan_shadow:228;tinkaton:251;ninetales:297;ninetales_shadow:333
chatot,Chatot,74.9,139.6,78.4,147,1610,PECK,SKY_ATTACK,HEAT_WAVE,68.4,47.9,71.6,37,dusknoir:744;dusknoir_shadow:700;gastrodon:683;gengar:642;weezing_galarian:625,aurorus:112;steelix:146;ninetales:202;ninetales_shadow:242;dragonair:263
kilowattrel,Kilowattrel,74.9,143.2,92.5,118,1563,THUNDER_SHOCK,ACROBATICS,AERIAL_ACE,70.8,69.1,78.6,22.8,pidgeot_shadow:699;pidgeot:690;charizard:669;dragonite:656;charizard_shadow:605,dragonair:110;dragonair_shadow:110;goodra:119;ninetales_shadow:162;ninetales:162
decidueye,Decidueye,74.8,127.8,115.2,119,1754,LEAFAGE,FRENZY_PLANT,SPIRIT_SHACKLE,72.6,72.5,79.6,50.8,gallade:701;gallade_shadow:634;steelix:634;electrode_hisuian:584;machamp_shadow:579,charizard_shadow:106;ninetales:123;ninetales_shadow:130;toxtricity:173;dragonair_shadow:177
onix_shadow,Onix (Shadow),74.8,84,207.5,105,1831,ROCK_THROW,ROCK_SLIDE,SAND_TOMB,76.7,55.7,69.4,69.5,electrode_hisuian:776;ninetales_shadow:766;ninetales:680;toxtricity:657;marowak_alolan:628,gallade:158;machamp_shadow:165;dragonair:240;dragonair_shadow:251;tinkaton:269
mismagius,Mismagius,74.7,131.6,123.6,104,1693,HEX,SHADOW_BALL,DAZZLING_GLEAM,62.3,43.5,81,28.1,machoke_shadow:716;machamp:620;marowak_alolan:572;politoed_shadow:572;gallade:519,ninetales:170;goodra:183;dragonair:196;ninetales_shadow:198;dragonair_shadow:224
moltres_shadow,Moltres (Shadow),74.7,139.9,102,112,1599,WING_ATTACK,FLY,HEAT_WAVE,63.5,38.8,76.7,32,blaziken:834;tinkaton:745;torkoal:625;marowak_alolan:616;metang:575,aurorus:112;steelix:123;ninetales:202;dragonair:216;ninetales_shadow:242
parasect,Parasect,74.7,124.1,118.2,123,1807,FURY_CUTTER,X_SCISSOR,CROSS_POISON,74.2,53.3,72.5,55.1,greninja_shadow:873;gallade:833;electrode_hisuian:731;dragonair_shadow:719;goodra:621,marowak_alolan_shadow:60;marowak_alolan:72;ninetales_shadow:138;ninetales:138;tinkaton:152
flareon,Flareon,74.6,142.2,109.9,100,1564,EMBER,SUPER_POWER,HEAT_WAVE,73.7,59.8,77.1,29,tinkaton:895;metang:794;metang_shadow:794;steelix_shadow:675;aurorus:660,dragonair:110;dragonair_shadow:110;goodra:119;ninetales_shadow:123;greninja_shadow:143
zoroark,Zoroark,74.5,157.3,87.9,103,1425,SHADOW_CLAW,FOUL_PLAY,SLUDGE_BOMB,70,54.8,77.3,25.6,dusknoir:723;dusclops:723;dusknoir_shadow:655;marowak_alolan:621;metang:606,ninetales_shadow:194;goodra:196;ninetales:202;dragonair:216;dragonair_shadow:251
conkeldurr_shadow,Conkeldurr (Shadow),74.4,134,93.8,133,1673,COUNTER,DYNAMIC_PUNCH,BRUTAL_SWING,69.8,50.7,63.8,52.4,greninja_shadow:872;aurorus:838;aurorus_shadow:827;greninja:827;steelix:635,weezing_galarian:120;marowak_alolan:136;weezing_galarian_shadow:159;dusknoir_shadow:188;dusknoir:188
hitmonlee_shadow,Hitmonlee (Shadow),74.3,141.8,118.9,94,1586,LOW_KICK,BLAZE_KICK,BRICK_BREAK,69,66.7,72,34,metang:781;metang_shadow:781;aurorus_shadow:696;steelix:654;steelix_shadow:601,weezing_galarian:81;dusclops_shadow:87;weezing_galarian_shadow:107;ninetales_shadow:218;dragonair:248
absol,Absol,74.2,156.6,83.9,109,1434,PSYCHO_CUT,BRUTAL_SWING,MEGAHORN,78.6,68.8,65.1,22.6,gallade_shadow:885;dusknoir:747;dusknoir_shadow:743;toxtricity:683;gyarados_shadow:665,greninja_shadow:82;greninja:82;aurorus_shadow:140;electrode_hisuian:160;tinkaton:187
weepinbell_shadow,Weepinbell (Shadow),74.2,139.3,82.6,140,1613,ACID,POWER_WHIP,SEED_BOMB,69.2,57.9,69.9,33.8,politoed_shadow:657;raikou:642;electrode_hisuian:639;gastrodon:621;greninja:585,dusclops_shadow:129;dusclops:129;aurorus:140;ninetales:194;ninetales_shadow:226
pinsir,Pinsir,74.1,139.6,112.6,102,1604,FURY_CUTTER,CLOSE_COMBAT,X_SCISSOR,72.1,55.9,69.4,34.7,greninja_shadow:823;greninja:818;steelix:671;steelix_shadow:647;politoed_shadow:617,tinkaton:92;ninetales_shadow:138;ninetales:138;marowak_alolan:164;weezing_galarian_shadow:168
chandelure,Chandelure,74,151.4,105.2,93,1482,INCINERATE,SHADOW_BALL,FLAME_CHARGE,71.6,52.6,59.5,52.6,metang_shadow:887;tinkaton:865;ninetales_alolan_shadow:801;steelix_shadow:586;metang:580,goodra:158;dragonair:169;ninetales:178;dragonair_shadow:192;ninetales_shadow:226
moltres,Moltres,74,136.7,103.6,115,1631,WING_ATTACK,FLY,HEAT_WAVE,65.6,42,76.4,32.7,weezing_galarian_shadow:639;marowak_alolan_shadow:626;metang:621;metang_shadow:591;tinkaton:565,aurorus_shadow:112;goodra:158;dragonair:181;ninetales_shadow:202;dragonair_shadow:216
alakazam,Alakazam,73.9,155.8,101.4,91,1439,PSYCHO_CUT,FIRE_PUNCH,SHADOW_BALL,77.8,70.7,75.5,16.4,blaziken:747;ninetales_alolan_shadow:648;toxtricity:615;marowak_alolan:609;machamp_shadow:582,greninja:73;greninja_shadow:108;aurorus:140;electrode_hisuian:160;ninetales_shadow:162
poliwrath,Poliwrath,73.5,115.8,122,137,1936,COUNTER,SCALD,ICY_WIND,72.1,45.5,67.9,66.8,aurorus:817;greninja_shadow:781;ninetales:733;ninetales_shadow:675;tinkaton:583,dusclops_shadow:134;dusknoir_shadow:138;dusknoir:138;weezing_galarian_shadow:185;gallade:197
dugtrio_alolan,Dugtrio (Alolan),73.4,148.1,112.9,90,1506,MUD_SLAP,MUD_BOMB,IRON_HEAD,72.1,44.2,63.3,63.8,magnezone_shadow:883;steelix:838;toxtricity:794;electrode_hisuian:583;tinkaton:527,pelipper:108;gyarados:128;gyarados_shadow:152;goodra:260;dragonair:287
weepinbell,Weepinbell,73.3,137.9,84.8,139,1627,ACID,POWER_WHIP,SEED_BOMB,69.2,62.9,69.7,37.7,electrode_hisuian:712;politoed_shadow:694;gastrodon:694;greninja:654;greninja_shadow:586,metang:81;aurorus:112;dusclops_shadow:129;ninetales:162;ninetales_shadow:194
chandelure_shadow,Chandelure (Shadow),73.2,151.4,105.2,93,1482,INCINERATE,SHADOW_BALL,FLAME_CHARGE,74.1,51.8,56.1,54.9,metang:887;metang_shadow:779;toxtricity:741;steelix:586;steelix_shadow:569,goodra:183;dragonair:192;ninetales:226;dragonair_shadow:228;ninetales_shadow:257
cacturne,Cacturne,73.1,147.2,85,121,1516,SUCKER_PUNCH,TRAILBLAZE,DYNAMIC_PUNCH,71.8,47.9,66.5,56.2,dusknoir_shadow:789;steelix:780;dusknoir:772;steelix_shadow:657;electrode_hisuian:632,weezing_galarian_shadow:215;tinkaton:216;ninetales:226;machamp_shadow:229;ninetales_shadow:297
volcanion,Volcanion,73,135.5,117.4,103,1640,INCINERATE,SCALD,OVERHEAT,73.6,59.5,64.5,49.1,ninetales:791;ninetales_shadow:771;tinkaton:679;charizard_shadow:645;marowak_alolan:577,goodra:175;greninja:186;dragonair:192;greninja_shadow:213;dragonair_shadow:240
haxorus,Haxorus,72.7,151.4,95.1,103,1485,DRAGON_TAIL,BREAKING_SWIPE,SURF,65.4,45.8,67.7,30.2,coalossal:776;torkoal:660;marowak_alolan:616;greninja:597;ninetales:538,weezing_galarian:81;weezing_galarian_shadow:90;ninetales_alolan_shadow:100;metang:139;tinkaton:248
lugia_shadow,Lugia (Shadow),72.7,104.2,164.3,124,2125,DRAGON_TAIL,FLY,AEROBLAST,64.4,46.8,75.2,39.5,gallade:782;machoke_shadow:774;gallade_shadow:709;swalot:649;greninja:596,tinkaton:74;ninetales_alolan_shadow:76;ninetales_alolan:76;ninetales_shadow:198;ninetales:218
mismagius_shadow,Mismagius (Shadow),72.6,131.6,123.6,104,1693,HEX,SHADOW_BALL,DAZZLING_GLEAM,58.1,40.7,77.1,24.9,tinkaton:634;machoke_shadow:625;steelix_shadow:620;swalot:596;gastrodon:581,ninetales_shadow:162;goodra:183;ninetales:198;dragonair:224;dragonair_shadow:240
conkeldurr,Conkeldurr,72.5,134,93.8,133,1673,COUNTER,DYNAMIC_PUNCH,BRUTAL_SWING,67.5,51.3,66.3,50.3,aurorus:838;aurorus_shadow:838;greninja_shadow:827;steelix_shadow:635;goodra:552,weezing_galarian_shadow:120;dusknoir:127;marowak_alolan_shadow:136;dusknoir_shadow:188;tinkaton:258
slowking,Slowking,72.4,113.4,120.9,144,1975,CONFUSION,SURF,BLIZZARD,72.4,49.9,68.2,64,toxtricity:802;machamp_shadow:756;ninetales:718;aurorus:715;ninetales_shadow:625,tyranitar_shadow:104;metang_shadow:120;steelix_shadow:146;greninja:160;greninja_shadow:186
poliwrath_shadow,Poliwrath (Shadow),72.1,115.8,122,137,1936,COUNTER,SCALD,ICY_WIND,71.6,44.2,61.7,65.6,greninja_shadow:923;aurorus_shadow:908;aurorus:894;ninetales:675;ninetales_shadow:620,slowking_galarian:112;weezing_galarian_shadow:120;dusclops:134;dusknoir:138;dusknoir_shadow:188
bonsly,Bonsly,72,116.8,124.3,127,1845,ROCK_THROW,ROCK_TOMB,ROCK_SLIDE,72.9,47.6,65.8,64.7,ninetales_shadow:748;ninetales:708;aurorus_shadow:708;marowak_alolan:645;marowak_alolan_shadow:598,steelix:154;tinkaton:173;machoke_shadow:188;gallade_shadow:216;machamp_shadow:217
hitmonlee,Hitmonlee,71.7,141.8,118.9,94,1586,LOW_KICK,BLAZE_KICK,BRICK_BREAK,70,62.9,64.6,39.3,tyranitar_shadow:787;metang_shadow:781;lapras:659;steelix_shadow:654;charjabug_shadow:648,weezing_galarian_shadow:81;weezing_galarian:81;marowak_alolan_shadow:168;marowak_alolan:240;dragonair_shadow:248
jolteon,Jolteon,71.7,137.4,114.7,103,1624,THUNDER_SHOCK,DISCHARGE,LAST_RESORT,70.6,55.3,68.4,28.6,zapdos_shadow:864;gyarados_shadow:733;charizard:713;charizard_shadow:650;tinkaton:504,flygon:48;goodra:98;dragonair:133;ninetales_shadow:162;gallade:177
dugtrio,Dugtrio,71.6,136.7,120,100,1643,SUCKER_PUNCH,MUD_BOMB,STONE_EDGE,66.6,49.9,67.2,45.5,steelix_shadow:715;electrode_hisuian:690;steelix:675;toxtricity:630;coalossal:620,tinkaton:173;greninja_shadow:186;ninetales:242;dragonair:251;ninetales_shadow:281
hitmontop,Hitmontop,71.6,121.2,149.8,102,1853,COUNTER,CLOSE_COMBAT,TRIPLE_AXEL,67.5,48.4,68.4,60.6,greninja_shadow:848;aurorus_shadow:823;magnezone_shadow:759;aurorus:647;greninja:588,marowak_alolan:188;marowak_alolan_shadow:240;ninetales:261;tinkaton:276;ninetales_shadow:305
leafeon,Leafeon,71.5,128.1,133.9,102,1750,QUICK_ATTACK,LEAF_BLADE,LAST_RESORT,67.7,54.4,66.8,39.5,politoed_shadow:769;gyarados_shadow:715;greninja:676;greninja_shadow:637;raikou:632,ninetales_shadow:130;ninetales:130;weezing_galarian_shadow:159;gallade:177;tinkaton:195
slowking_shadow,Slowking (Shadow),71.5,113.4,120.9,144,1975,CONFUSION,SURF,BLIZZARD,73.9,52.2,60.9,58.8,blaziken:934;machamp_shadow:899;toxtricity:763;ninetales:625;ninetales_shadow:565,tyranitar:104;metang:120;metang_shadow:120;steelix:146;steelix_shadow:170
tangrowth,Tangrowth,71.2,120.7,112.7,136,1852,VINE_WHIP,POWER_WHIP,ROCK_SLIDE,60.4,36.8,76.6,36.8,greninja:698;gastrodon:687;greninja_shadow:654;raikou:650;steelix_shadow:562,ninetales_shadow:99;metang_shadow:120;ninetales:123;dragonair:145;dragonair_shadow:177
exeggutor_shadow,Exeggutor (Shadow),70.9,136.1,92.5,131,1650,CONFUSION,SEED_BOMB,PSYCHIC,72.9,48.2,68,45.9,machamp_shadow:835;weezing_galarian_shadow:835;blaziken:767;toxtricity:675;electrode_hisuian:606,metang_shadow:85;metang:96;greninja:143;greninja_shadow:178;ninetales:257
minun,Minun,70.6,116.3,127,130,1922,QUICK_ATTACK,THUNDERBOLT,GRASS_KNOT,60.4,49.2,80.3,28.1,pidgeot:765;raikou:626;politoed_shadow:615;zapdos_shadow:611;raikou_shadow:603,metang_shadow:96;marowak_alolan_shadow:100;dusknoir_shadow:138;ninetales_shadow:162;dragonair:192
entei_shadow,Entei (Shadow),70.4,128.8,95.1,139,1705,FIRE_FANG,FLAME_CHARGE,SCORCHING_SANDS,73.6,48.7,53,60.4,ninetales_alolan_shadow:823;metang_shadow:780;tinkaton:647;steelix_shadow:643;electrode_hisuian:633,goodra:196;dragonair:216;ninetales_shadow:242;dragonair_shadow:251;greninja_shadow:278
arbok,Arbok,70.3,123.7,120.1,122,1814,ACID,DARK_PULSE,SLUDGE_WAVE,59.7,44.8,76.7,38.6,victreebel_shadow:606;weezing_galarian:594;politoed_shadow:577;machoke_shadow:569;goodra:516,steelix_shadow:51;metang_shadow:81;metang:89;ninetales:202;ninetales_shadow:242
gardevoir_shadow,Gardevoir (Shadow),70.3,136.5,115.6,104,1642,CHARM,TRIPLE_AXEL,SHADOW_BALL,75.8,54.6,47.9,60.6,gallade_shadow:899;gallade:894;dragonair_shadow:879;dragonair:831;goodra:831,marowak_alolan:200;ninetales:226;tinkaton:230;ninetales_shadow:238;toxtricity:279
dugtrio_shadow,Dugtrio (Shadow),70.2,136.7,120,100,1643,SUCKER_PUNCH,MUD_BOMB,STONE_EDGE,68,51.5,59.5,45.7,steelix:715;girafarig_shadow:695;steelix_shadow:660;electrode_hisuian:650;dusknoir_shadow:645,ninetales_alolan:148;tinkaton:173;ninetales_shadow:257;ninetales:281;dragonair:287
serperior_shadow,Serperior (Shadow),70,110.2,142.2,130,2038,VINE_WHIP,FRENZY_PLANT,LEAF_TORNADO,69.3,47.6,77.4,46.6,greninja:726;greninja_shadow:665;steelix:653;steelix_shadow:630;dusknoir:557,ninetales_shadow:99;metang_shadow:120;ninetales:123;metang:143;dragonair:236
kyogre_shadow,Kyogre (Shadow),69.7,133.9,116.5,104,1623,WATERFALL,AVALANCHE,SURF,69.8,52.3,53.2,52.1,blaziken:908;charizard_shadow:879;aurorus_shadow:778;marowak_alolan_shadow:764;ninetales_shadow:663,goodra:183;electrode_hisuian:186;dragonair:192;dragonair_shadow:240;tinkaton:287
ivysaur,Ivysaur,69.5,118.7,121,131,1883,VINE_WHIP,POWER_WHIP,SLUDGE_BOMB,61,37,74.9,39.8,raikou:721;machamp:648;electrode_hisuian:622;machoke_shadow:599;machamp_shadow:561,ninetales_shadow:99;metang:104;ninetales:123;dragonair:145;dragonair_shadow:192
prinplup,Prinplup,69.5,118.6,117,136,1889,BUBBLE,ICY_WIND,HYDRO_PUMP,64.4,42,65,43.9,ninetales:687;tinkaton:661;torkoal:647;ninetales_shadow:639;marowak_alolan:617,electrode_hisuian:108;dragonair:161;dragonair_shadow:161;dusknoir_shadow:238;toxtricity:241
hitmontop_shadow,Hitmontop (Shadow),69.2,121.2,149.8,102,1853,COUNTER,CLOSE_COMBAT,TRIPLE_AXEL,68.5,46.6,55.1,58.1,greninja_shadow:857;greninja:848;aurorus:823;aurorus_shadow:818;steelix_shadow:642,weezing_galarian_shadow:159;marowak_alolan:240;marowak_alolan_shadow:256;ninetales:305;tinkaton:322
exeggutor,Exeggutor,68.8,136.1,92.5,131,1650,CONFUSION,SEED_BOMB,PSYCHIC,70,46.1,66.7,44.1,machamp_shadow:862;blaziken:812;machamp:721;gallade:709;raikou:690,metang:100;greninja_shadow:143;ninetales:210;ninetales_shadow:257;tinkaton:265
rampardos_shadow,Rampardos (Shadow),68.8,162.2,67.2,126,1376,SMACK_DOWN,ROCK_SLIDE,FLAMETHROWER,75.7,47.4,44,55.8,charizard_shadow:904;ninetales_shadow:837;marowak_alolan_shadow:738;marowak_alolan:734;aurorus:591,steelix:115;steelix_shadow:142;tinkaton:202;gallade:288;gallade_shadow:317
arcanine_hisuian,Arcanine (Hisuian),68.1,132.4,99.4,129,1699,SNARL,WILD_CHARGE,ROCK_SLIDE,63.6,37.8,66.3,28.8,marowak_alolan_shadow:860;ninetales_shadow:825;ninetales:732;aurorus_shadow:643;dusknoir_shadow:616,machamp_shadow:84;greninja_shadow:91;dragonair:98;goodra:106;dragonair_shadow:122
entei,Entei,67.8,129.3,96.1,140,1741,FIRE_FANG,FLAME_CHARGE,SCORCHING_SANDS,67.9,44.5,61,58.1,magnezone_shadow:792;tinkaton:671;metang:596;metang_shadow:564;steelix:564,dragonair:181;goodra:209;dragonair_shadow:216;ninetales:242;ninetales_shadow:301
tangrowth_shadow,Tangrowth (Shadow),67.8,120.7,112.7,136,1852,VINE_WHIP,POWER_WHIP,ROCK_SLIDE,54,30.3,71.8,31.5,greninja:654;raikou:602;lapras:569;steelix:562;steelix_shadow:555,ninetales:99;metang:120;ninetales_shadow:130;dragonair_shadow:161;dragonair:192
blissey,Blissey,66.9,81,111.2,307,2769,ZEN_HEADBUTT,WILD_CHARGE,DAZZLING_GLEAM,53.4,35.5,79.1,48,gengar:737;gengar_shadow:736;dusclops:635;haunter:633;dusclops_shadow:542,metang_shadow:112;greninja_shadow:117;ninetales_shadow:210;tinkaton:251;dragonair:271
crobat,Crobat,66.9,121.2,118.1,129,1847,AIR_SLASH,POISON_FANG,SHADOW_BALL,61.4,37.3,60.5,48.7,machoke_shadow:771;gallade_shadow:655;dusclops:608;metang:565;gallade:554,steelix:99;aurorus:131;tinkaton:173;ninetales:202;ninetales_shadow:234
dragapult,Dragapult,66.9,142.5,96.2,115,1578,DRAGON_TAIL,SHADOW_BALL,OUTRAGE,59.1,41.1,66.5,35,machoke_shadow:634;torkoal:634;charjabug:595;electrode_hisuian:552;ninetales:508,tinkaton:60;weezing_galarian:68;weezing_galarian_shadow:90;metang:158;ninetales_shadow:253
hitmonchan,Hitmonchan,66.8,128.9,137.4,98,1736,COUNTER,ICE_PUNCH,THUNDER_PUNCH,60.7,38.6,64.8,50.1,greninja_shadow:841;aurorus_shadow:841;aurorus:831;magnezone_shadow:795;greninja:739,weezing_galarian_shadow:120;dusknoir:127;marowak_alolan_shadow:136;marowak_alolan:148;ninetales:242
hitmonchan_shadow,Hitmonchan (Shadow),66.7,128.9,137.4,98,1736,COUNTER,ICE_PUNCH,THUNDER_PUNCH,64.8,40.4,61.7,53,greninja_shadow:852;aurorus:841;aurorus_shadow:841;greninja:841;magnezone_shadow:750,marowak_alolan:136;weezing_galarian_shadow:159;dusknoir_shadow:188;dusknoir:188;ninetales_shadow:392
arbok_shadow,Arbok (Shadow),66.4,123.7,120.1,122,1814,ACID,DARK_PULSE,SLUDGE_WAVE,56.3,41.1,65.6,34.7,weezing_galarian_shadow:639;victreebel:606;dedenne:594;politoed:577;dusclops_shadow:569,steelix:51;metang:81;steelix_shadow:99;metang_shadow:120;tinkaton:173
honchkrow,Honchkrow,66,149.9,68.9,145,1500,PECK,BRAVE_BIRD,DARK_PULSE,58.7,37.8,63.3,34.7,gallade_shadow:913;blaziken:779;machamp_shadow:720;girafarig:675;gastrodon:627,steelix_shadow:123;aurorus:140;tinkaton:173;ninetales_shadow:226;dragonair:251
exeggutor_alolan,Exeggutor (Alolan),65.8,134.4,94.8,131,1670,DRAGON_TAIL,SEED_BOMB,DRACO_METEOR,65.7,48.4,61.9,36.3,greninja:706;raikou:648;greninja_shadow:641;dusknoir_shadow:595;dragonair:522,weezing_galarian_shadow:107;metang:139;tinkaton:152;aurorus:164;ninetales:198
gardevoir,Gardevoir,65.7,136.5,115.6,104,1642,CHARM,TRIPLE_AXEL,SHADOW_BALL,69.5,48.2,48.9,55.8,gallade_shadow:894;gallade:879;dragonair_shadow:831;goodra:725;dragonair:721,steelix:186;metang:197;ninetales:198;tinkaton:202;ninetales_shadow:226
ho_oh_shadow,Ho-Oh (Shadow),65.7,123.4,126.4,113,1764,INCINERATE,BRAVE_BIRD,EARTHQUAKE,67.1,43.5,67.5,52.4,scizor_shadow:867;tinkaton:796;ninetales_alolan_shadow:716;torkoal:685;metang:654,coalossal:107;goodra:145;dragonair:157;dragonair_shadow:192;ninetales_shadow:210
porygon,Porygon,65.7,120,115.4,135,1870,QUICK_ATTACK,DISCHARGE,HYPER_BEAM,60.2,53,71.1,35.2,pelipper:811;swalot:696;gengar:677;gengar_shadow:659;greninja:559,aurorus_shadow:149;ninetales:162;dragonair_shadow:200;ninetales_shadow:202;tinkaton:262
sudowoodo,Sudowoodo,65.5,117.1,130.1,126,1921,COUNTER,METEOR_BEAM,TRAILBLAZE,58.7,39.4,67,45.7,aurorus_shadow:809;steelix:654;aurorus:634;ninetales_shadow:595;ninetales:543,dusknoir_shadow:116;dusknoir:127;dusclops_shadow:134;toxtricity:173;tinkaton:223
exeggutor_alolan_shadow,Exeggutor (Alolan) (Shadow),65.2,134.4,94.8,131,1670,DRAGON_TAIL,SEED_BOMB,DRACO_METEOR,66.9,48.6,61.9,34.5,gastrodon:782;greninja:641;steelix_shadow:610;dusknoir:595;greninja_shadow:587,weezing_galarian_shadow:90;metang:139;metang_shadow:166;tinkaton:170;ninetales_shadow:222
honchkrow_shadow,Honchkrow (Shadow),64.8,149.9,68.9,145,1500,PECK,BRAVE_BIRD,DARK_PULSE,63.3,39.3,55.4,37.7,gallade:913;gallade_shadow:900;blaziken:803;machamp_shadow:706;machoke_shadow:693,steelix_shadow:115;steelix:123;tinkaton:173;ninetales:226;ninetales_shadow:257
prinplup_shadow,Prinplup (Shadow),64.6,118.6,117,136,1889,BUBBLE,ICY_WIND,HYDRO_PUMP,59.7,42,53.5,40.7,coalossal:808;ninetales:639;tinkaton:580;marowak_alolan:558;ninetales_shadow:529,electrode_hisuian:134;dragonair:161;goodra:175;dragonair_shadow:192;metang_shadow:220
persian,Persian,64.4,118.6,116.3,137,1890,FEINT_ATTACK,NIGHT_SLASH,POWER_GEM,55.3,37.8,67.9,38.9,dusclops_shadow:744;gengar:726;dusclops:653;metang:587;marowak_alolan_shadow:554,machamp_shadow:133;ninetales:162;dragonair_shadow:200;ninetales_shadow:202;dragonair:240
crobat_shadow,Crobat (Shadow),64.2,121.2,118.1,129,1847,AIR_SLASH,POISON_FANG,SHADOW_BALL,61,38.1,51.7,45.3,machamp_shadow:891;machoke_shadow:724;blaziken:682;gallade:655;metang:503,steelix:130;tinkaton:145;aurorus:152;metang_shadow:170;ninetales:234
vileplume,Vileplume,64,128.8,112.7,120,1743,ACID,SLUDGE_BOMB,PETAL_BLIZZARD,57,37.6,66.8,33.1,raikou:683;electrode_hisuian:679;weezing_galarian_shadow:658;machoke_shadow:641;goodra:570,metang:81;metang_shadow:81;tinkaton:131;ninetales:162;ninetales_shadow:194
ivysaur_shadow,Ivysaur (Shadow),63.5,119.8,121.3,129,1877,VINE_WHIP,POWER_WHIP,SLUDGE_BOMB,53.4,30.5,68.6,32,raikou:689;electrode_hisuian:686;weezing_galarian_shadow:662;greninja_shadow:627;steelix:534,ninetales:99;ninetales_shadow:130;tinkaton:131;dragonair_shadow:161;dragonair:192
cinccino,Cinccino,63.3,134.9,96.1,128,1661,CHARM,AQUA_TAIL,THUNDERBOLT,60.7,45.5,52.9,41.6,greninja_shadow:820;gallade_shadow:808;tyranitar_shadow:730;gengar:652;greninja:636,metang:139;metang_shadow:166;ninetales:170;tinkaton:173;ninetales_shadow:198
zapdos_galarian,Zapdos (Galarian),63,135.6,107.2,113,1645,COUNTER,FLY,BRAVE_BIRD,61.5,34.2,55.2,49.8,tyranitar_shadow:880;greninja_shadow:853;aurorus:747;aurorus_shadow:730;greninja:699,dusknoir:116;dusclops_shadow:129;weezing_galarian_shadow:133;marowak_alolan:148;dusknoir_shadow:172
porygon2,Porygon2,62.9,122.1,117.9,127,1830,LOCK_ON,TRI_ATTACK,ZAP_CANNON,55.2,61,72,24.9,gengar:685;gengar_shadow:653;haunter:629;mawile:598;dusclops_shadow:543,ninetales_shadow:87;toxtricity:88;metang_shadow:89;tinkaton:92;gallade_shadow:96
persian_shadow,Persian (Shadow),62.5,118.6,116.3,137,1890,FEINT_ATTACK,NIGHT_SLASH,POWER_GEM,53.4,37.6,59.7,34.3,gengar:897;gengar_shadow:879;dusclops:744;dusclops_shadow:726;marowak_alolan:554,tinkaton:131;ninetales_shadow:202;ninetales:202;dragonair:240;dragonair_shadow:240
garbodor,Garbodor,62.3,121,115.9,132,1853,INFESTATION,BODY_SLAM,SEED_BOMB,60.2,47.9,59.3,34.5,tyranitar_shadow:746;bellossom_shadow:670;victreebel:632;greninja:571;victreebel_shadow:549,marowak_alolan:136;marowak_alolan_shadow:148;ninetales:202;ninetales_shadow:230;tinkaton:230
rampardos,Rampardos,61.9,162.2,67.2,126,1376,SMACK_DOWN,ROCK_SLIDE,FLAMETHROWER,69,42.7,37.5,46.4,charizard_shadow:920;marowak_alolan_shadow:734;gyarados_shadow:718;ninetales_shadow:615;aurorus_shadow:591,steelix:99;steelix_shadow:115;metang:166;tinkaton:177;gallade:230
garbodor_shadow,Garbodor (Shadow),61.5,121,115.9,132,1853,INFESTATION,BODY_SLAM,SEED_BOMB,59.1,48.7,58.5,27.2,tyranitar:746;vikavolt_shadow:693;bellossom_shadow:613;gastrodon:545;goodra:518,gyarados_shadow:103;tinkaton:145;marowak_alolan:148;ninetales:230;ninetales_shadow:281
plusle,Plusle,61.5,128.2,107.2,127,1746,QUICK_ATTACK,THUNDERBOLT,GRASS_KNOT,45.9,35.2,73,19.6,pidgeot:748;pelipper:629;politoed:610;raikou:598;politoed_shadow:570,dusknoir:72;ninetales_shadow:162;ninetales:162;dragonair:192;dragonair_shadow:200
porygon_shadow,Porygon (Shadow),61.3,120,115.4,135,1870,TACKLE,DISCHARGE,SIGNAL_BEAM,56.1,53,57.5,36.8,gengar:670;mew:637;suicune_shadow:633;gengar_shadow:585;haunter:559,dusknoir_shadow:144;dusknoir:144;metang_shadow:166;tinkaton:180;ninetales_shadow:253
sudowoodo_shadow,Sudowoodo (Shadow),60.7,117.1,130.1,126,1921,COUNTER,METEOR_BEAM,TRAILBLAZE,57.6,36.7,55.4,44.6,aurorus_shadow:829;aurorus:809;ninetales:595;steelix:575;ninetales_shadow:523,dusknoir_shadow:116;dusknoir:116;dusclops:134;marowak_alolan_shadow:148;dragonair:279
vileplume_shadow,Vileplume (Shadow),60.5,128.8,112.7,120,1743,ACID,SLUDGE_BOMB,MOONBLAST,53,35.2,58.5,32.4,raikou:833;electrode_hisuian:662;weezing_galarian:658;umbreon:641;goodra:550,metang:81;metang_shadow:120;tinkaton:173;ninetales:194;ninetales_shadow:226
tatsugiri_curly,Tatsugiri (Curly),60.2,137.4,108.1,109,1619,WATER_GUN,SURF,OUTRAGE,58.1,38.6,54.7,46.6,blaziken:912;coalossal:830;ninetales_shadow:775;torkoal:743;ninetales:683,dragonair:157;electrode_hisuian:173;goodra:175;dragonair_shadow:212;gallade:288
tatsugiri_droopy,Tatsugiri (Droopy),60.2,137.4,108.1,109,1619,WATER_GUN,SURF,OUTRAGE,58.1,38.6,54.7,46.6,blaziken:912;coalossal:830;ninetales_shadow:775;torkoal:743;ninetales:683,dragonair:157;electrode_hisuian:173;goodra:175;dragonair_shadow:212;gallade:288
tatsugiri_stretchy,Tatsugiri (Stretchy),60.2,137.4,108.1,109,1619,WATER_GUN,SURF,OUTRAGE,58.1,38.6,54.7,46.6,blaziken:912;coalossal:830;ninetales_shadow:775;torkoal:743;ninetales:683,dragonair:157;electrode_hisuian:173;goodra:175;dragonair_shadow:212;gallade:288
tangela,Tangela,59.5,125.5,122.8,116,1790,VINE_WHIP,GRASS_KNOT,SLUDGE_BOMB,50.4,27.5,63.8,29.9,electrode_hisuian:737;gastrodon:702;greninja_shadow:642;raikou:599;steelix_shadow:573,ninetales_shadow:99;ninetales:123;tinkaton:131;dragonair:145;dragonair_shadow:177
noivern,Noivern,58.2,125.4,113.5,126,1794,AIR_SLASH,HEAT_WAVE,HURRICANE,51.7,31.3,60,38.9,gastrodon:650;blaziken:607;gallade:603;machoke_shadow:603;magmar:551,aurorus_shadow:109;aurorus:112;tinkaton:117;dragonair:220;dragonair_shadow:240
illumise,Illumise,58.1,111.4,136.2,133,2019,TACKLE,SILVER_WIND,DAZZLING_GLEAM,46.7,34.2,64.3,32.2,gastrodon:593;mew:586;ludicolo:552;bellossom_shadow:545;dragonite:511,marowak_alolan:104;ninetales_shadow:162;ninetales:162;tinkaton:180;dragonair:192
audino,Audino,57.8,92.6,137.8,190,2428,ZEN_HEADBUTT,BODY_SLAM,DISARMING_VOICE,49.3,37.3,61.4,39.8,gengar:786;gengar_shadow:786;haunter:765;dusclops:515;flygon:507,greninja_shadow:134;ninetales_shadow:202;tinkaton:205;dragonair:220;dragonair_shadow:240
porygon2_shadow,Porygon2 (Shadow),57.7,122.1,117.9,127,1830,LOCK_ON,TRI_ATTACK,ZAP_CANNON,45.7,49.2,65.3,17.1,drifblim:712;dusclops_shadow:708;gengar:653;haunter:590;dusclops:543,ninetales:87;metang:89;tinkaton:92;dragonair_shadow:153;ninetales_shadow:170
glaceon,Glaceon,55.8,135.7,122.3,99,1645,ICE_SHARD,AVALANCHE,WATER_PULSE,49.1,31.4,46.9,30.8,dragonite:797;flygon:792;dartrix:742;dragonite_shadow:732;dusclops_shadow:530,ninetales:103;ninetales_shadow:123;metang_shadow:139;tinkaton:145;metang:158
tangela_shadow,Tangela (Shadow),55,125.5,122.8,116,1790,VINE_WHIP,GRASS_KNOT,SLUDGE_BOMB,43.6,24.6,57.5,29.2,greninja_shadow:866;electrode_hisuian:650;greninja:642;steelix_shadow:581;steelix:573,ninetales:99;ninetales_shadow:130;tinkaton:131;dragonair_shadow:161;dragonair:192
volbeat,Volbeat,51.6,111.4,136.2,133,2019,TACKLE,THUNDERBOLT,BUG_BUZZ,39.5,29.8,61.9,31.3,umbreon:605;wartortle:552;drifloon:530;alakazam:515;poliwrath:511,marowak_alolan:104;tinkaton:134;ninetales_shadow:162;ninetales:162;dragonair:192
porygon_z_shadow,Porygon-Z (Shadow),47.8,147.6,88.1,117,1522,LOCK_ON,TRI_ATTACK,ZAP_CANNON,38.1,28.7,44.3,10,dusclops:658;flygon:606;drifblim:585;dusclops_shadow:576;dragonite:568,tinkaton:92;ninetales_shadow:138;dragonair:153;dragonair_shadow:153;ninetales:154
porygon_z,Porygon-Z,47,147.6,88.1,117,1522,LOCK_ON,TRI_ATTACK,ZAP_CANNON,40,25.4,42.4,11.2,drifblim:666;dusclops_shadow:658;gengar:645;flygon_shadow:606;dragonite_shadow:568,goodra:85;ninetales:87;tinkaton:92;dragonair:153;ninetales_shadow:154